country_code,year,indicator_id,indicator_name,value
AR,2011,FX.OWN.TOTL.ZS,account_ownership_pct_adult,33.13021699
AR,2014,FX.OWN.TOTL.ZS,account_ownership_pct_adult,50.19729449
AR,2017,FX.OWN.TOTL.ZS,account_ownership_pct_adult,48.70848674
AR,2021,FX.OWN.TOTL.ZS,account_ownership_pct_adult,71.62708593
AR,2024,FX.OWN.TOTL.ZS,account_ownership_pct_adult,81.74424469
AR,2010,BX.KLT.DINV.WD.GD.ZS,fdi_inflow_pct_gdp,2.675161719
AR,2011,BX.KLT.DINV.WD.GD.ZS,fdi_inflow_pct_gdp,2.044659979
AR,2012,BX.KLT.DINV.WD.GD.ZS,fdi_inflow_pct_gdp,2.8066719
AR,2013,BX.KLT.DINV.WD.GD.ZS,fdi_inflow_pct_gdp,1.779205536
AR,2014,BX.KLT.DINV.WD.GD.ZS,fdi_inflow_pct_gdp,0.96240665
AR,2015,BX.KLT.DINV.WD.GD.ZS,fdi_inflow_pct_gdp,1.977134618
AR,2016,BX.KLT.DINV.WD.GD.ZS,fdi_inflow_pct_gdp,0.584748941
AR,2017,BX.KLT.DINV.WD.GD.ZS,fdi_inflow_pct_gdp,1.789365041
AR,2018,BX.KLT.DINV.WD.GD.ZS,fdi_inflow_pct_gdp,2.232531577
AR,2019,BX.KLT.DINV.WD.GD.ZS,fdi_inflow_pct_gdp,1.485006876
AR,2020,BX.KLT.DINV.WD.GD.ZS,fdi_inflow_pct_gdp,1.266169243
AR,2021,BX.KLT.DINV.WD.GD.ZS,fdi_inflow_pct_gdp,1.368380832
AR,2022,BX.KLT.DINV.WD.GD.ZS,fdi_inflow_pct_gdp,2.398460118
AR,2023,BX.KLT.DINV.WD.GD.ZS,fdi_inflow_pct_gdp,3.811908799
AR,2024,BX.KLT.DINV.WD.GD.ZS,fdi_inflow_pct_gdp,1.824095229
AR,2010,NY.GDP.PCAP.CD,gdp_per_capita_usd,10260.13131
AR,2011,NY.GDP.PCAP.CD,gdp_per_capita_usd,12704.28318
AR,2012,NY.GDP.PCAP.CD,gdp_per_capita_usd,12949.71749
AR,2013,NY.GDP.PCAP.CD,gdp_per_capita_usd,12963.67577
AR,2014,NY.GDP.PCAP.CD,gdp_per_capita_usd,12233.14441
AR,2015,NY.GDP.PCAP.CD,gdp_per_capita_usd,13679.6265
AR,2016,NY.GDP.PCAP.CD,gdp_per_capita_usd,12699.96231
AR,2017,NY.GDP.PCAP.CD,gdp_per_capita_usd,14532.50093
AR,2018,NY.GDP.PCAP.CD,gdp_per_capita_usd,11752.79989
AR,2019,NY.GDP.PCAP.CD,gdp_per_capita_usd,9955.974787
AR,2020,NY.GDP.PCAP.CD,gdp_per_capita_usd,8535.59938
AR,2021,NY.GDP.PCAP.CD,gdp_per_capita_usd,10738.01792
AR,2022,NY.GDP.PCAP.CD,gdp_per_capita_usd,13962.18941
AR,2023,NY.GDP.PCAP.CD,gdp_per_capita_usd,14261.84657
AR,2024,NY.GDP.PCAP.CD,gdp_per_capita_usd,13969.78366
AR,2010,IT.NET.USER.ZS,internet_users_pct,45
AR,2011,IT.NET.USER.ZS,internet_users_pct,51
AR,2012,IT.NET.USER.ZS,internet_users_pct,55.79999924
AR,2013,IT.NET.USER.ZS,internet_users_pct,59.90000153
AR,2014,IT.NET.USER.ZS,internet_users_pct,64.69999695
AR,2015,IT.NET.USER.ZS,internet_users_pct,68.04306411
AR,2016,IT.NET.USER.ZS,internet_users_pct,70.96898082
AR,2017,IT.NET.USER.ZS,internet_users_pct,74.29490687
AR,2018,IT.NET.USER.ZS,internet_users_pct,77.7
AR,2019,IT.NET.USER.ZS,internet_users_pct,79.94695203
AR,2020,IT.NET.USER.ZS,internet_users_pct,85.51438646
AR,2021,IT.NET.USER.ZS,internet_users_pct,87.15070683
AR,2022,IT.NET.USER.ZS,internet_users_pct,88.37535691
AR,2023,IT.NET.USER.ZS,internet_users_pct,89.22897166
AR,2024,IT.NET.USER.ZS,internet_users_pct,89.66715228
AR,2010,IT.CEL.SETS.P2,mobile_subs_per_100,138.2516434
AR,2011,IT.CEL.SETS.P2,mobile_subs_per_100,145.5110679
AR,2012,IT.CEL.SETS.P2,mobile_subs_per_100,152.5735797
AR,2013,IT.CEL.SETS.P2,mobile_subs_per_100,158.1907736
AR,2014,IT.CEL.SETS.P2,mobile_subs_per_100,142.325481
AR,2015,IT.CEL.SETS.P2,mobile_subs_per_100,142.240711
AR,2016,IT.CEL.SETS.P2,mobile_subs_per_100,145.1465847
AR,2017,IT.CEL.SETS.P2,mobile_subs_per_100,139.7582405
AR,2018,IT.CEL.SETS.P2,mobile_subs_per_100,131.2242657
AR,2019,IT.CEL.SETS.P2,mobile_subs_per_100,125.3026579
AR,2020,IT.CEL.SETS.P2,mobile_subs_per_100,121.1806125
AR,2021,IT.CEL.SETS.P2,mobile_subs_per_100,130.3527999
AR,2022,IT.CEL.SETS.P2,mobile_subs_per_100,131.4835563
AR,2023,IT.CEL.SETS.P2,mobile_subs_per_100,137.7060868
AR,2024,IT.CEL.SETS.P2,mobile_subs_per_100,140.234979
AR,2010,SP.POP.TOTL,population_total,41288694
AR,2011,SP.POP.TOTL,population_total,41730660
AR,2012,SP.POP.TOTL,population_total,42161721
AR,2013,SP.POP.TOTL,population_total,42582455
AR,2014,SP.POP.TOTL,population_total,43024071
AR,2015,SP.POP.TOTL,population_total,43477012
AR,2016,SP.POP.TOTL,population_total,43900313
AR,2017,SP.POP.TOTL,population_total,44288894
AR,2018,SP.POP.TOTL,population_total,44654882
AR,2019,SP.POP.TOTL,population_total,44973465
AR,2020,SP.POP.TOTL,population_total,45191965
AR,2021,SP.POP.TOTL,population_total,45312281
AR,2022,SP.POP.TOTL,population_total,45407904
AR,2023,SP.POP.TOTL,population_total,45538401
AR,2024,SP.POP.TOTL,population_total,45696159
AR,2010,SP.URB.TOTL.IN.ZS,urban_population_pct,90.99300519
AR,2011,SP.URB.TOTL.IN.ZS,urban_population_pct,91.10722867
AR,2012,SP.URB.TOTL.IN.ZS,urban_population_pct,91.20412172
AR,2013,SP.URB.TOTL.IN.ZS,urban_population_pct,91.30145077
AR,2014,SP.URB.TOTL.IN.ZS,urban_population_pct,91.39753455
AR,2015,SP.URB.TOTL.IN.ZS,urban_population_pct,91.49230191
AR,2016,SP.URB.TOTL.IN.ZS,urban_population_pct,91.58568172
AR,2017,SP.URB.TOTL.IN.ZS,urban_population_pct,91.67760284
AR,2018,SP.URB.TOTL.IN.ZS,urban_population_pct,91.76799413
AR,2019,SP.URB.TOTL.IN.ZS,urban_population_pct,91.85678445
AR,2020,SP.URB.TOTL.IN.ZS,urban_population_pct,91.94390266
AR,2021,SP.URB.TOTL.IN.ZS,urban_population_pct,92.02927762
AR,2022,SP.URB.TOTL.IN.ZS,urban_population_pct,92.11283819
AR,2023,SP.URB.TOTL.IN.ZS,urban_population_pct,92.19451323
AR,2024,SP.URB.TOTL.IN.ZS,urban_population_pct,92.2742316
BR,2011,FX.OWN.TOTL.ZS,account_ownership_pct_adult,55.86038477
BR,2014,FX.OWN.TOTL.ZS,account_ownership_pct_adult,68.12315852
BR,2017,FX.OWN.TOTL.ZS,account_ownership_pct_adult,70.04394815
BR,2021,FX.OWN.TOTL.ZS,account_ownership_pct_adult,84.0357459
BR,2024,FX.OWN.TOTL.ZS,account_ownership_pct_adult,86.38117823
BR,2010,BX.KLT.DINV.WD.GD.ZS,fdi_inflow_pct_gdp,3.73001227
BR,2011,BX.KLT.DINV.WD.GD.ZS,fdi_inflow_pct_gdp,3.915179541
BR,2012,BX.KLT.DINV.WD.GD.ZS,fdi_inflow_pct_gdp,3.754962109
BR,2013,BX.KLT.DINV.WD.GD.ZS,fdi_inflow_pct_gdp,3.04150923
BR,2014,BX.KLT.DINV.WD.GD.ZS,fdi_inflow_pct_gdp,3.571352613
BR,2015,BX.KLT.DINV.WD.GD.ZS,fdi_inflow_pct_gdp,3.592149731
BR,2016,BX.KLT.DINV.WD.GD.ZS,fdi_inflow_pct_gdp,4.137378538
BR,2017,BX.KLT.DINV.WD.GD.ZS,fdi_inflow_pct_gdp,3.338260284
BR,2018,BX.KLT.DINV.WD.GD.ZS,fdi_inflow_pct_gdp,4.078588618
BR,2019,BX.KLT.DINV.WD.GD.ZS,fdi_inflow_pct_gdp,3.692673304
BR,2020,BX.KLT.DINV.WD.GD.ZS,fdi_inflow_pct_gdp,2.592637846
BR,2021,BX.KLT.DINV.WD.GD.ZS,fdi_inflow_pct_gdp,2.779790741
BR,2022,BX.KLT.DINV.WD.GD.ZS,fdi_inflow_pct_gdp,3.868032015
BR,2023,BX.KLT.DINV.WD.GD.ZS,fdi_inflow_pct_gdp,2.863833307
BR,2024,BX.KLT.DINV.WD.GD.ZS,fdi_inflow_pct_gdp,3.389608026
BR,2010,NY.GDP.PCAP.CD,gdp_per_capita_usd,11403.284
BR,2011,NY.GDP.PCAP.CD,gdp_per_capita_usd,13396.62632
BR,2012,NY.GDP.PCAP.CD,gdp_per_capita_usd,12521.72385
BR,2013,NY.GDP.PCAP.CD,gdp_per_capita_usd,12458.89034
BR,2014,NY.GDP.PCAP.CD,gdp_per_capita_usd,12274.99416
BR,2015,NY.GDP.PCAP.CD,gdp_per_capita_usd,8936.195589
BR,2016,NY.GDP.PCAP.CD,gdp_per_capita_usd,8836.28546
BR,2017,NY.GDP.PCAP.CD,gdp_per_capita_usd,10080.50787
BR,2018,NY.GDP.PCAP.CD,gdp_per_capita_usd,9300.660729
BR,2019,NY.GDP.PCAP.CD,gdp_per_capita_usd,9029.833044
BR,2020,NY.GDP.PCAP.CD,gdp_per_capita_usd,7074.194075
BR,2021,NY.GDP.PCAP.CD,gdp_per_capita_usd,7972.536961
BR,2022,NY.GDP.PCAP.CD,gdp_per_capita_usd,9281.332821
BR,2023,NY.GDP.PCAP.CD,gdp_per_capita_usd,10377.58977
BR,2024,NY.GDP.PCAP.CD,gdp_per_capita_usd,10310.54888
BR,2010,NY.GDP.MKTP.CD,gdp_total_usd,2.20884E+12
BR,2011,NY.GDP.MKTP.CD,gdp_total_usd,2.61616E+12
BR,2012,NY.GDP.MKTP.CD,gdp_total_usd,2.46523E+12
BR,2013,NY.GDP.MKTP.CD,gdp_total_usd,2.47282E+12
BR,2014,NY.GDP.MKTP.CD,gdp_total_usd,2.45604E+12
BR,2015,NY.GDP.MKTP.CD,gdp_total_usd,1.80221E+12
BR,2016,NY.GDP.MKTP.CD,gdp_total_usd,1.79569E+12
BR,2017,NY.GDP.MKTP.CD,gdp_total_usd,2.06351E+12
BR,2018,NY.GDP.MKTP.CD,gdp_total_usd,1.91693E+12
BR,2019,NY.GDP.MKTP.CD,gdp_total_usd,1.87329E+12
BR,2020,NY.GDP.MKTP.CD,gdp_total_usd,1.47611E+12
BR,2021,NY.GDP.MKTP.CD,gdp_total_usd,1.67065E+12
BR,2022,NY.GDP.MKTP.CD,gdp_total_usd,1.95192E+12
BR,2023,NY.GDP.MKTP.CD,gdp_total_usd,2.19113E+12
BR,2024,NY.GDP.MKTP.CD,gdp_total_usd,2.18582E+12
BR,2010,IT.NET.USER.ZS,internet_users_pct,40.65
BR,2011,IT.NET.USER.ZS,internet_users_pct,45.69
BR,2012,IT.NET.USER.ZS,internet_users_pct,48.56
BR,2013,IT.NET.USER.ZS,internet_users_pct,51.04
BR,2014,IT.NET.USER.ZS,internet_users_pct,54.55100188
BR,2015,IT.NET.USER.ZS,internet_users_pct,58.32795173
BR,2016,IT.NET.USER.ZS,internet_users_pct,60.87254007
BR,2017,IT.NET.USER.ZS,internet_users_pct,67.47128452
BR,2018,IT.NET.USER.ZS,internet_users_pct,70.43428254
BR,2019,IT.NET.USER.ZS,internet_users_pct,73.91243991
BR,2020,IT.NET.USER.ZS,internet_users_pct,81.34269353
BR,2021,IT.NET.USER.ZS,internet_users_pct,80.68989314
BR,2022,IT.NET.USER.ZS,internet_users_pct,80.52775094
BR,2023,IT.NET.USER.ZS,internet_users_pct,84.15060238
BR,2024,IT.NET.USER.ZS,internet_users_pct,84.46347227
BR,2010,IT.CEL.SETS.P2,mobile_subs_per_100,101.6665033
BR,2011,IT.CEL.SETS.P2,mobile_subs_per_100,120.0081042
BR,2012,IT.CEL.SETS.P2,mobile_subs_per_100,126.1319628
BR,2013,IT.CEL.SETS.P2,mobile_subs_per_100,136.5891386
BR,2014,IT.CEL.SETS.P2,mobile_subs_per_100,140.3046794
BR,2015,IT.CEL.SETS.P2,mobile_subs_per_100,127.836169
BR,2016,IT.CEL.SETS.P2,mobile_subs_per_100,120.1011815
BR,2017,IT.CEL.SETS.P2,mobile_subs_per_100,108.0925702
BR,2018,IT.CEL.SETS.P2,mobile_subs_per_100,101.6024603
BR,2019,IT.CEL.SETS.P2,mobile_subs_per_100,97.37473768
BR,2020,IT.CEL.SETS.P2,mobile_subs_per_100,98.64561986
BR,2021,IT.CEL.SETS.P2,mobile_subs_per_100,104.8247272
BR,2022,IT.CEL.SETS.P2,mobile_subs_per_100,101.2454689
BR,2023,IT.CEL.SETS.P2,mobile_subs_per_100,101.020256
BR,2024,IT.CEL.SETS.P2,mobile_subs_per_100,101.9268465
BR,2010,SP.POP.TOTL,population_total,193701929
BR,2011,SP.POP.TOTL,population_total,195284734
BR,2012,SP.POP.TOTL,population_total,196876111
BR,2013,SP.POP.TOTL,population_total,198478299
BR,2014,SP.POP.TOTL,population_total,200085127
BR,2015,SP.POP.TOTL,population_total,201675532
BR,2016,SP.POP.TOTL,population_total,203218114
BR,2017,SP.POP.TOTL,population_total,204703445
BR,2018,SP.POP.TOTL,population_total,206107261
BR,2019,SP.POP.TOTL,population_total,207455459
BR,2020,SP.POP.TOTL,population_total,208660842
BR,2021,SP.POP.TOTL,population_total,209550294
BR,2022,SP.POP.TOTL,population_total,210306415
BR,2023,SP.POP.TOTL,population_total,211140729
BR,2024,SP.POP.TOTL,population_total,211998573
BR,2010,SP.URB.TOTL.IN.ZS,urban_population_pct,84.34384604
BR,2011,SP.URB.TOTL.IN.ZS,urban_population_pct,84.62257586
BR,2012,SP.URB.TOTL.IN.ZS,urban_population_pct,84.89738742
BR,2013,SP.URB.TOTL.IN.ZS,urban_population_pct,85.16765854
BR,2014,SP.URB.TOTL.IN.ZS,urban_population_pct,85.43313679
BR,2015,SP.URB.TOTL.IN.ZS,urban_population_pct,85.69356971
BR,2016,SP.URB.TOTL.IN.ZS,urban_population_pct,85.94870484
BR,2017,SP.URB.TOTL.IN.ZS,urban_population_pct,86.19828976
BR,2018,SP.URB.TOTL.IN.ZS,urban_population_pct,86.44207199
BR,2019,SP.URB.TOTL.IN.ZS,urban_population_pct,86.67979911
BR,2020,SP.URB.TOTL.IN.ZS,urban_population_pct,86.91121865
BR,2021,SP.URB.TOTL.IN.ZS,urban_population_pct,87.13607817
BR,2022,SP.URB.TOTL.IN.ZS,urban_population_pct,87.34955624
BR,2023,SP.URB.TOTL.IN.ZS,urban_population_pct,87.61597102
BR,2024,SP.URB.TOTL.IN.ZS,urban_population_pct,87.89585495
CA,2011,FX.OWN.TOTL.ZS,account_ownership_pct_adult,95.80464245
CA,2014,FX.OWN.TOTL.ZS,account_ownership_pct_adult,99.10332803
CA,2017,FX.OWN.TOTL.ZS,account_ownership_pct_adult,99.72688019
CA,2021,FX.OWN.TOTL.ZS,account_ownership_pct_adult,99.63461501
CA,2024,FX.OWN.TOTL.ZS,account_ownership_pct_adult,98.40471261
CA,2010,BX.KLT.DINV.WD.GD.ZS,fdi_inflow_pct_gdp,1.837256387
CA,2011,BX.KLT.DINV.WD.GD.ZS,fdi_inflow_pct_gdp,2.137833108
CA,2012,BX.KLT.DINV.WD.GD.ZS,fdi_inflow_pct_gdp,2.700169009
CA,2013,BX.KLT.DINV.WD.GD.ZS,fdi_inflow_pct_gdp,3.629803984
CA,2014,BX.KLT.DINV.WD.GD.ZS,fdi_inflow_pct_gdp,3.55390337
CA,2015,BX.KLT.DINV.WD.GD.ZS,fdi_inflow_pct_gdp,3.853894537
CA,2016,BX.KLT.DINV.WD.GD.ZS,fdi_inflow_pct_gdp,2.238350121
CA,2017,BX.KLT.DINV.WD.GD.ZS,fdi_inflow_pct_gdp,1.53752072
CA,2018,BX.KLT.DINV.WD.GD.ZS,fdi_inflow_pct_gdp,2.469312073
CA,2019,BX.KLT.DINV.WD.GD.ZS,fdi_inflow_pct_gdp,2.80676687
CA,2020,BX.KLT.DINV.WD.GD.ZS,fdi_inflow_pct_gdp,1.758970857
CA,2021,BX.KLT.DINV.WD.GD.ZS,fdi_inflow_pct_gdp,2.976182882
CA,2022,BX.KLT.DINV.WD.GD.ZS,fdi_inflow_pct_gdp,2.317558049
CA,2023,BX.KLT.DINV.WD.GD.ZS,fdi_inflow_pct_gdp,2.0197985
CA,2024,BX.KLT.DINV.WD.GD.ZS,fdi_inflow_pct_gdp,2.810295654
CA,2010,NY.GDP.PCAP.CD,gdp_per_capita_usd,47560.6666
CA,2011,NY.GDP.PCAP.CD,gdp_per_capita_usd,52223.85884
CA,2012,NY.GDP.PCAP.CD,gdp_per_capita_usd,52670.34473
CA,2013,NY.GDP.PCAP.CD,gdp_per_capita_usd,52638.11872
CA,2014,NY.GDP.PCAP.CD,gdp_per_capita_usd,50960.84312
CA,2015,NY.GDP.PCAP.CD,gdp_per_capita_usd,43594.1941
CA,2016,NY.GDP.PCAP.CD,gdp_per_capita_usd,42314.06158
CA,2017,NY.GDP.PCAP.CD,gdp_per_capita_usd,45129.62812
CA,2018,NY.GDP.PCAP.CD,gdp_per_capita_usd,46539.17616
CA,2019,NY.GDP.PCAP.CD,gdp_per_capita_usd,46352.86934
CA,2020,NY.GDP.PCAP.CD,gdp_per_capita_usd,43537.8393
CA,2021,NY.GDP.PCAP.CD,gdp_per_capita_usd,52886.66164
CA,2022,NY.GDP.PCAP.CD,gdp_per_capita_usd,56256.80073
CA,2023,NY.GDP.PCAP.CD,gdp_per_capita_usd,54220.3285
CA,2024,NY.GDP.PCAP.CD,gdp_per_capita_usd,54340.34772
CA,2010,NY.GDP.MKTP.CD,gdp_total_usd,1.61734E+12
CA,2011,NY.GDP.MKTP.CD,gdp_total_usd,1.79333E+12
CA,2012,NY.GDP.MKTP.CD,gdp_total_usd,1.82837E+12
CA,2013,NY.GDP.MKTP.CD,gdp_total_usd,1.8466E+12
CA,2014,NY.GDP.MKTP.CD,gdp_total_usd,1.80575E+12
CA,2015,NY.GDP.MKTP.CD,gdp_total_usd,1.55651E+12
CA,2016,NY.GDP.MKTP.CD,gdp_total_usd,1.52799E+12
CA,2017,NY.GDP.MKTP.CD,gdp_total_usd,1.64927E+12
CA,2018,NY.GDP.MKTP.CD,gdp_total_usd,1.72533E+12
CA,2019,NY.GDP.MKTP.CD,gdp_total_usd,1.74373E+12
CA,2020,NY.GDP.MKTP.CD,gdp_total_usd,1.65568E+12
CA,2021,NY.GDP.MKTP.CD,gdp_total_usd,2.02238E+12
CA,2022,NY.GDP.MKTP.CD,gdp_total_usd,2.19041E+12
CA,2023,NY.GDP.MKTP.CD,gdp_total_usd,2.17334E+12
CA,2024,NY.GDP.MKTP.CD,gdp_total_usd,2.24364E+12
CA,2010,IT.NET.USER.ZS,internet_users_pct,80.3
CA,2011,IT.NET.USER.ZS,internet_users_pct,83
CA,2012,IT.NET.USER.ZS,internet_users_pct,83
CA,2013,IT.NET.USER.ZS,internet_users_pct,85.80000305
CA,2014,IT.NET.USER.ZS,internet_users_pct,87.12000275
CA,2015,IT.NET.USER.ZS,internet_users_pct,90
CA,2016,IT.NET.USER.ZS,internet_users_pct,91.16000366
CA,2017,IT.NET.USER.ZS,internet_users_pct,92.70140076
CA,2018,IT.NET.USER.ZS,internet_users_pct,94.64
CA,2019,IT.NET.USER.ZS,internet_users_pct,91.91290283
CA,2020,IT.NET.USER.ZS,internet_users_pct,92.3
CA,2021,IT.NET.USER.ZS,internet_users_pct,93.93710327
CA,2022,IT.NET.USER.ZS,internet_users_pct,94
CA,2023,IT.NET.USER.ZS,internet_users_pct,94.14530182
CA,2024,IT.NET.USER.ZS,internet_users_pct,94.353302
CA,2010,IT.CEL.SETS.P2,mobile_subs_per_100,75.51971306
CA,2011,IT.CEL.SETS.P2,mobile_subs_per_100,77.67225849
CA,2012,IT.CEL.SETS.P2,mobile_subs_per_100,79.37572425
CA,2013,IT.CEL.SETS.P2,mobile_subs_per_100,80.35489208
CA,2014,IT.CEL.SETS.P2,mobile_subs_per_100,80.79021921
CA,2015,IT.CEL.SETS.P2,mobile_subs_per_100,82.76738314
CA,2016,IT.CEL.SETS.P2,mobile_subs_per_100,84.59194523
CA,2017,IT.CEL.SETS.P2,mobile_subs_per_100,86.10240184
CA,2018,IT.CEL.SETS.P2,mobile_subs_per_100,89.0494585
CA,2019,IT.CEL.SETS.P2,mobile_subs_per_100,90.958921
CA,2020,IT.CEL.SETS.P2,mobile_subs_per_100,84.77477491
CA,2021,IT.CEL.SETS.P2,mobile_subs_per_100,87.40560196
CA,2022,IT.CEL.SETS.P2,mobile_subs_per_100,91.238669
CA,2023,IT.CEL.SETS.P2,mobile_subs_per_100,94.14972682
CA,2024,IT.CEL.SETS.P2,mobile_subs_per_100,94.10597188
CA,2010,SP.POP.TOTL,population_total,34005902
CA,2011,SP.POP.TOTL,population_total,34339221
CA,2012,SP.POP.TOTL,population_total,34713395
CA,2013,SP.POP.TOTL,population_total,35080992
CA,2014,SP.POP.TOTL,population_total,35434066
CA,2015,SP.POP.TOTL,population_total,35704498
CA,2016,SP.POP.TOTL,population_total,36110803
CA,2017,SP.POP.TOTL,population_total,36545075
CA,2018,SP.POP.TOTL,population_total,37072620
CA,2019,SP.POP.TOTL,population_total,37618495
CA,2020,SP.POP.TOTL,population_total,38028638
CA,2021,SP.POP.TOTL,population_total,38239864
CA,2022,SP.POP.TOTL,population_total,38935934
CA,2023,SP.POP.TOTL,population_total,40083484
CA,2024,SP.POP.TOTL,population_total,41288599
CA,2010,SP.URB.TOTL.IN.ZS,urban_population_pct,81.01208923
CA,2011,SP.URB.TOTL.IN.ZS,urban_population_pct,81.10314254
CA,2012,SP.URB.TOTL.IN.ZS,urban_population_pct,81.15134832
CA,2013,SP.URB.TOTL.IN.ZS,urban_population_pct,81.18343996
CA,2014,SP.URB.TOTL.IN.ZS,urban_population_pct,81.21118316
CA,2015,SP.URB.TOTL.IN.ZS,urban_population_pct,81.24656703
CA,2016,SP.URB.TOTL.IN.ZS,urban_population_pct,81.30230111
CA,2017,SP.URB.TOTL.IN.ZS,urban_population_pct,81.40189458
CA,2018,SP.URB.TOTL.IN.ZS,urban_population_pct,81.55003416
CA,2019,SP.URB.TOTL.IN.ZS,urban_population_pct,81.7363672
CA,2020,SP.URB.TOTL.IN.ZS,urban_population_pct,81.95098887
CA,2021,SP.URB.TOTL.IN.ZS,urban_population_pct,82.17792791
CA,2022,SP.URB.TOTL.IN.ZS,urban_population_pct,82.35008974
CA,2023,SP.URB.TOTL.IN.ZS,urban_population_pct,82.52505644
CA,2024,SP.URB.TOTL.IN.ZS,urban_population_pct,82.70025658
CN,2011,FX.OWN.TOTL.ZS,account_ownership_pct_adult,63.81731286
CN,2014,FX.OWN.TOTL.ZS,account_ownership_pct_adult,78.96526085
CN,2017,FX.OWN.TOTL.ZS,account_ownership_pct_adult,79.53134107
CN,2021,FX.OWN.TOTL.ZS,account_ownership_pct_adult,88.70902168
CN,2024,FX.OWN.TOTL.ZS,account_ownership_pct_adult,89.38303198
CN,2010,BX.KLT.DINV.WD.GD.ZS,fdi_inflow_pct_gdp,3.935419967
CN,2011,BX.KLT.DINV.WD.GD.ZS,fdi_inflow_pct_gdp,3.650691902
CN,2012,BX.KLT.DINV.WD.GD.ZS,fdi_inflow_pct_gdp,2.780991382
CN,2013,BX.KLT.DINV.WD.GD.ZS,fdi_inflow_pct_gdp,2.985987083
CN,2014,BX.KLT.DINV.WD.GD.ZS,fdi_inflow_pct_gdp,2.511558837
CN,2015,BX.KLT.DINV.WD.GD.ZS,fdi_inflow_pct_gdp,2.149572847
CN,2016,BX.KLT.DINV.WD.GD.ZS,fdi_inflow_pct_gdp,1.525394703
CN,2017,BX.KLT.DINV.WD.GD.ZS,fdi_inflow_pct_gdp,1.324689717
CN,2018,BX.KLT.DINV.WD.GD.ZS,fdi_inflow_pct_gdp,1.663619923
CN,2019,BX.KLT.DINV.WD.GD.ZS,fdi_inflow_pct_gdp,1.285492268
CN,2020,BX.KLT.DINV.WD.GD.ZS,fdi_inflow_pct_gdp,1.687707563
CN,2021,BX.KLT.DINV.WD.GD.ZS,fdi_inflow_pct_gdp,1.890345414
CN,2022,BX.KLT.DINV.WD.GD.ZS,fdi_inflow_pct_gdp,1.038413655
CN,2023,BX.KLT.DINV.WD.GD.ZS,fdi_inflow_pct_gdp,0.280991104
CN,2024,BX.KLT.DINV.WD.GD.ZS,fdi_inflow_pct_gdp,0.098998805
CN,2010,NY.GDP.PCAP.CD,gdp_per_capita_usd,4629.245517
CN,2011,NY.GDP.PCAP.CD,gdp_per_capita_usd,5703.76028
CN,2012,NY.GDP.PCAP.CD,gdp_per_capita_usd,6405.057424
CN,2013,NY.GDP.PCAP.CD,gdp_per_capita_usd,7147.035186
CN,2014,NY.GDP.PCAP.CD,gdp_per_capita_usd,7781.065975
CN,2015,NY.GDP.PCAP.CD,gdp_per_capita_usd,8175.332851
CN,2016,NY.GDP.PCAP.CD,gdp_per_capita_usd,8254.868593
CN,2017,NY.GDP.PCAP.CD,gdp_per_capita_usd,8979.676527
CN,2018,NY.GDP.PCAP.CD,gdp_per_capita_usd,10085.66381
CN,2019,NY.GDP.PCAP.CD,gdp_per_capita_usd,10342.90095
CN,2020,NY.GDP.PCAP.CD,gdp_per_capita_usd,10627.4638
CN,2021,NY.GDP.PCAP.CD,gdp_per_capita_usd,12887.43572
CN,2022,NY.GDP.PCAP.CD,gdp_per_capita_usd,12970.60564
CN,2023,NY.GDP.PCAP.CD,gdp_per_capita_usd,12951.17824
CN,2024,NY.GDP.PCAP.CD,gdp_per_capita_usd,13303.14815
CN,2010,NY.GDP.MKTP.CD,gdp_total_usd,6.19256E+12
CN,2011,NY.GDP.MKTP.CD,gdp_total_usd,7.67176E+12
CN,2012,NY.GDP.MKTP.CD,gdp_total_usd,8.67366E+12
CN,2013,NY.GDP.MKTP.CD,gdp_total_usd,9.74312E+12
CN,2014,NY.GDP.MKTP.CD,gdp_total_usd,1.06745E+13
CN,2015,NY.GDP.MKTP.CD,gdp_total_usd,1.12808E+13
CN,2016,NY.GDP.MKTP.CD,gdp_total_usd,1.1456E+13
CN,2017,NY.GDP.MKTP.CD,gdp_total_usd,1.25376E+13
CN,2018,NY.GDP.MKTP.CD,gdp_total_usd,1.41478E+13
CN,2019,NY.GDP.MKTP.CD,gdp_total_usd,1.45602E+13
CN,2020,NY.GDP.MKTP.CD,gdp_total_usd,1.49964E+13
CN,2021,NY.GDP.MKTP.CD,gdp_total_usd,1.82017E+13
CN,2022,NY.GDP.MKTP.CD,gdp_total_usd,1.83168E+13
CN,2023,NY.GDP.MKTP.CD,gdp_total_usd,1.82704E+13
CN,2024,NY.GDP.MKTP.CD,gdp_total_usd,1.87438E+13
CN,2010,IT.NET.USER.ZS,internet_users_pct,34.3
CN,2011,IT.NET.USER.ZS,internet_users_pct,38.3
CN,2012,IT.NET.USER.ZS,internet_users_pct,42.30009842
CN,2013,IT.NET.USER.ZS,internet_users_pct,45.79999924
CN,2014,IT.NET.USER.ZS,internet_users_pct,47.90000153
CN,2015,IT.NET.USER.ZS,internet_users_pct,50.29999924
CN,2016,IT.NET.USER.ZS,internet_users_pct,53.2
CN,2017,IT.NET.USER.ZS,internet_users_pct,54.3
CN,2018,IT.NET.USER.ZS,internet_users_pct,65.35839844
CN,2019,IT.NET.USER.ZS,internet_users_pct,64.0808813
CN,2020,IT.NET.USER.ZS,internet_users_pct,70.05275998
CN,2021,IT.NET.USER.ZS,internet_users_pct,73.05323517
CN,2022,IT.NET.USER.ZS,internet_users_pct,75.61131603
CN,2023,IT.NET.USER.ZS,internet_users_pct,90.6
CN,2024,IT.NET.USER.ZS,internet_users_pct,92
CN,2025,IT.NET.USER.ZS,internet_users_pct,91.6
CN,2010,IT.CEL.SETS.P2,mobile_subs_per_100,63.5563377
CN,2011,IT.CEL.SETS.P2,mobile_subs_per_100,72.50523937
CN,2012,IT.CEL.SETS.P2,mobile_subs_per_100,81.20759816
CN,2013,IT.CEL.SETS.P2,mobile_subs_per_100,89.13022726
CN,2014,IT.CEL.SETS.P2,mobile_subs_per_100,92.66120341
CN,2015,IT.CEL.SETS.P2,mobile_subs_per_100,92.54011714
CN,2016,IT.CEL.SETS.P2,mobile_subs_per_100,97.21387709
CN,2017,IT.CEL.SETS.P2,mobile_subs_per_100,104.0731816
CN,2018,IT.CEL.SETS.P2,mobile_subs_per_100,116.2291255
CN,2019,IT.CEL.SETS.P2,mobile_subs_per_100,122.6703919
CN,2020,IT.CEL.SETS.P2,mobile_subs_per_100,120.4967154
CN,2021,IT.CEL.SETS.P2,mobile_subs_per_100,121.4919184
CN,2022,IT.CEL.SETS.P2,mobile_subs_per_100,124.195249
CN,2023,IT.CEL.SETS.P2,mobile_subs_per_100,128.2470141
CN,2024,IT.CEL.SETS.P2,mobile_subs_per_100,131.753932
CN,2010,SP.POP.TOTL,population_total,1337705000
CN,2011,SP.POP.TOTL,population_total,1345035000
CN,2012,SP.POP.TOTL,population_total,1354190000
CN,2013,SP.POP.TOTL,population_total,1363240000
CN,2014,SP.POP.TOTL,population_total,1371860000
CN,2015,SP.POP.TOTL,population_total,1379860000
CN,2016,SP.POP.TOTL,population_total,1387790000
CN,2017,SP.POP.TOTL,population_total,1396215000
CN,2018,SP.POP.TOTL,population_total,1402760000
CN,2019,SP.POP.TOTL,population_total,1407745000
CN,2020,SP.POP.TOTL,population_total,1411100000
CN,2021,SP.POP.TOTL,population_total,1412360000
CN,2022,SP.POP.TOTL,population_total,1412175000
CN,2023,SP.POP.TOTL,population_total,1410710000
CN,2024,SP.POP.TOTL,population_total,1408975000
CN,2010,SP.URB.TOTL.IN.ZS,urban_population_pct,49.23402706
CN,2011,SP.URB.TOTL.IN.ZS,urban_population_pct,51.83002853
CN,2012,SP.URB.TOTL.IN.ZS,urban_population_pct,53.10031128
CN,2013,SP.URB.TOTL.IN.ZS,urban_population_pct,54.49000168
CN,2014,SP.URB.TOTL.IN.ZS,urban_population_pct,55.75025558
CN,2015,SP.URB.TOTL.IN.ZS,urban_population_pct,57.32978439
CN,2016,SP.URB.TOTL.IN.ZS,urban_population_pct,58.83992386
CN,2017,SP.URB.TOTL.IN.ZS,urban_population_pct,60.24026871
CN,2018,SP.URB.TOTL.IN.ZS,urban_population_pct,61.50019836
CN,2019,SP.URB.TOTL.IN.ZS,urban_population_pct,62.70991516
CN,2020,SP.URB.TOTL.IN.ZS,urban_population_pct,63.52342303
CN,2021,SP.URB.TOTL.IN.ZS,urban_population_pct,64.72107697
CN,2022,SP.URB.TOTL.IN.ZS,urban_population_pct,65.21763611
CN,2023,SP.URB.TOTL.IN.ZS,urban_population_pct,65.5301448
CN,2024,SP.URB.TOTL.IN.ZS,urban_population_pct,65.8946981
DE,2011,FX.OWN.TOTL.ZS,account_ownership_pct_adult,98.13361733
DE,2014,FX.OWN.TOTL.ZS,account_ownership_pct_adult,98.76040668
DE,2017,FX.OWN.TOTL.ZS,account_ownership_pct_adult,99.141186
DE,2021,FX.OWN.TOTL.ZS,account_ownership_pct_adult,99.97659382
DE,2024,FX.OWN.TOTL.ZS,account_ownership_pct_adult,98.29832357
DE,2010,BX.KLT.DINV.WD.GD.ZS,fdi_inflow_pct_gdp,2.481545289
DE,2011,BX.KLT.DINV.WD.GD.ZS,fdi_inflow_pct_gdp,2.550894999
DE,2012,BX.KLT.DINV.WD.GD.ZS,fdi_inflow_pct_gdp,1.819641116
DE,2013,BX.KLT.DINV.WD.GD.ZS,fdi_inflow_pct_gdp,1.765150365
DE,2014,BX.KLT.DINV.WD.GD.ZS,fdi_inflow_pct_gdp,0.437762572
DE,2015,BX.KLT.DINV.WD.GD.ZS,fdi_inflow_pct_gdp,1.822399381
DE,2016,BX.KLT.DINV.WD.GD.ZS,fdi_inflow_pct_gdp,1.643658401
DE,2017,BX.KLT.DINV.WD.GD.ZS,fdi_inflow_pct_gdp,2.889145884
DE,2018,BX.KLT.DINV.WD.GD.ZS,fdi_inflow_pct_gdp,4.000828753
DE,2019,BX.KLT.DINV.WD.GD.ZS,fdi_inflow_pct_gdp,1.905693014
DE,2020,BX.KLT.DINV.WD.GD.ZS,fdi_inflow_pct_gdp,4.485235478
DE,2021,BX.KLT.DINV.WD.GD.ZS,fdi_inflow_pct_gdp,2.930021687
DE,2022,BX.KLT.DINV.WD.GD.ZS,fdi_inflow_pct_gdp,2.076052462
DE,2023,BX.KLT.DINV.WD.GD.ZS,fdi_inflow_pct_gdp,1.697401035
DE,2024,BX.KLT.DINV.WD.GD.ZS,fdi_inflow_pct_gdp,1.015861766
DE,2010,NY.GDP.PCAP.CD,gdp_per_capita_usd,42396.9666
DE,2011,NY.GDP.PCAP.CD,gdp_per_capita_usd,47630.97619
DE,2012,NY.GDP.PCAP.CD,gdp_per_capita_usd,44718.01592
DE,2013,NY.GDP.PCAP.CD,gdp_per_capita_usd,47206.83535
DE,2014,NY.GDP.PCAP.CD,gdp_per_capita_usd,48959.59912
DE,2015,NY.GDP.PCAP.CD,gdp_per_capita_usd,41929.75491
DE,2016,NY.GDP.PCAP.CD,gdp_per_capita_usd,42948.93819
DE,2017,NY.GDP.PCAP.CD,gdp_per_capita_usd,45553.93415
DE,2018,NY.GDP.PCAP.CD,gdp_per_capita_usd,48916.16866
DE,2019,NY.GDP.PCAP.CD,gdp_per_capita_usd,47656.19974
DE,2020,NY.GDP.PCAP.CD,gdp_per_capita_usd,47394.87345
DE,2021,NY.GDP.PCAP.CD,gdp_per_capita_usd,52349.246
DE,2022,NY.GDP.PCAP.CD,gdp_per_capita_usd,50506.51796
DE,2023,NY.GDP.PCAP.CD,gdp_per_capita_usd,54776.76682
DE,2024,NY.GDP.PCAP.CD,gdp_per_capita_usd,56103.73232
DE,2010,NY.GDP.MKTP.CD,gdp_total_usd,3.46709E+12
DE,2011,NY.GDP.MKTP.CD,gdp_total_usd,3.82358E+12
DE,2012,NY.GDP.MKTP.CD,gdp_total_usd,3.59648E+12
DE,2013,NY.GDP.MKTP.CD,gdp_total_usd,3.80702E+12
DE,2014,NY.GDP.MKTP.CD,gdp_total_usd,3.96487E+12
DE,2015,NY.GDP.MKTP.CD,gdp_total_usd,3.4251E+12
DE,2016,NY.GDP.MKTP.CD,gdp_total_usd,3.53679E+12
DE,2017,NY.GDP.MKTP.CD,gdp_total_usd,3.76535E+12
DE,2018,NY.GDP.MKTP.CD,gdp_total_usd,4.05543E+12
DE,2019,NY.GDP.MKTP.CD,gdp_total_usd,3.95989E+12
DE,2020,NY.GDP.MKTP.CD,gdp_total_usd,3.9414E+12
DE,2021,NY.GDP.MKTP.CD,gdp_total_usd,4.35525E+12
DE,2022,NY.GDP.MKTP.CD,gdp_total_usd,4.20102E+12
DE,2023,NY.GDP.MKTP.CD,gdp_total_usd,4.56221E+12
DE,2024,NY.GDP.MKTP.CD,gdp_total_usd,4.68559E+12
DE,2010,IT.NET.USER.ZS,internet_users_pct,82
DE,2011,IT.NET.USER.ZS,internet_users_pct,81.26999954
DE,2012,IT.NET.USER.ZS,internet_users_pct,82.34999847
DE,2013,IT.NET.USER.ZS,internet_users_pct,84.17
DE,2014,IT.NET.USER.ZS,internet_users_pct,86.19370066
DE,2015,IT.NET.USER.ZS,internet_users_pct,87.58979935
DE,2016,IT.NET.USER.ZS,internet_users_pct,84.16520664
DE,2017,IT.NET.USER.ZS,internet_users_pct,84.3941537
DE,2018,IT.NET.USER.ZS,internet_users_pct,87.03711209
DE,2019,IT.NET.USER.ZS,internet_users_pct,88.13451691
DE,2020,IT.NET.USER.ZS,internet_users_pct,89.81294133
DE,2021,IT.NET.USER.ZS,internet_users_pct,91.43060973
DE,2022,IT.NET.USER.ZS,internet_users_pct,91.62984383
DE,2023,IT.NET.USER.ZS,internet_users_pct,92.4763763
DE,2024,IT.NET.USER.ZS,internet_users_pct,93.49999579
DE,2010,IT.CEL.SETS.P2,mobile_subs_per_100,109.3640845
DE,2011,IT.CEL.SETS.P2,mobile_subs_per_100,112.4194782
DE,2012,IT.CEL.SETS.P2,mobile_subs_per_100,114.1919455
DE,2013,IT.CEL.SETS.P2,mobile_subs_per_100,123.4353989
DE,2014,IT.CEL.SETS.P2,mobile_subs_per_100,122.3086686
DE,2015,IT.CEL.SETS.P2,mobile_subs_per_100,117.4011651
DE,2016,IT.CEL.SETS.P2,mobile_subs_per_100,125.0240122
DE,2017,IT.CEL.SETS.P2,mobile_subs_per_100,132.0032619
DE,2018,IT.CEL.SETS.P2,mobile_subs_per_100,128.9455772
DE,2019,IT.CEL.SETS.P2,mobile_subs_per_100,128.2922981
DE,2020,IT.CEL.SETS.P2,mobile_subs_per_100,128.4247988
DE,2021,IT.CEL.SETS.P2,mobile_subs_per_100,127.1250994
DE,2022,IT.CEL.SETS.P2,mobile_subs_per_100,124.1582643
DE,2023,IT.CEL.SETS.P2,mobile_subs_per_100,124.6625728
DE,2024,IT.CEL.SETS.P2,mobile_subs_per_100,129.1509219
DE,2010,SP.POP.TOTL,population_total,81776930
DE,2011,SP.POP.TOTL,population_total,80274983
DE,2012,SP.POP.TOTL,population_total,80425823
DE,2013,SP.POP.TOTL,population_total,80645605
DE,2014,SP.POP.TOTL,population_total,80982500
DE,2015,SP.POP.TOTL,population_total,81686611
DE,2016,SP.POP.TOTL,population_total,82348669
DE,2017,SP.POP.TOTL,population_total,82657002
DE,2018,SP.POP.TOTL,population_total,82905782
DE,2019,SP.POP.TOTL,population_total,83092962
DE,2020,SP.POP.TOTL,population_total,83160871
DE,2021,SP.POP.TOTL,population_total,83196078
DE,2022,SP.POP.TOTL,population_total,83177813
DE,2023,SP.POP.TOTL,population_total,83287273
DE,2024,SP.POP.TOTL,population_total,83516593
DE,2010,SP.URB.TOTL.IN.ZS,urban_population_pct,80.30570256
DE,2011,SP.URB.TOTL.IN.ZS,urban_population_pct,80.34057629
DE,2012,SP.URB.TOTL.IN.ZS,urban_population_pct,80.39344752
DE,2013,SP.URB.TOTL.IN.ZS,urban_population_pct,80.47323184
DE,2014,SP.URB.TOTL.IN.ZS,urban_population_pct,80.57574024
DE,2015,SP.URB.TOTL.IN.ZS,urban_population_pct,80.69743716
DE,2016,SP.URB.TOTL.IN.ZS,urban_population_pct,80.83478707
DE,2017,SP.URB.TOTL.IN.ZS,urban_population_pct,80.9842544
DE,2018,SP.URB.TOTL.IN.ZS,urban_population_pct,81.14230362
DE,2019,SP.URB.TOTL.IN.ZS,urban_population_pct,81.30539917
DE,2020,SP.URB.TOTL.IN.ZS,urban_population_pct,81.4700055
DE,2021,SP.URB.TOTL.IN.ZS,urban_population_pct,81.63258707
DE,2022,SP.URB.TOTL.IN.ZS,urban_population_pct,81.78678528
DE,2023,SP.URB.TOTL.IN.ZS,urban_population_pct,81.90343667
DE,2024,SP.URB.TOTL.IN.ZS,urban_population_pct,82.02114326
GB,2011,FX.OWN.TOTL.ZS,account_ownership_pct_adult,97.2012849
GB,2014,FX.OWN.TOTL.ZS,account_ownership_pct_adult,98.9310548
GB,2017,FX.OWN.TOTL.ZS,account_ownership_pct_adult,96.36631885
GB,2021,FX.OWN.TOTL.ZS,account_ownership_pct_adult,99.76327383
GB,2024,FX.OWN.TOTL.ZS,account_ownership_pct_adult,99.28430928
GB,2010,BX.KLT.DINV.WD.GD.ZS,fdi_inflow_pct_gdp,2.672866742
GB,2011,BX.KLT.DINV.WD.GD.ZS,fdi_inflow_pct_gdp,1.009573579
GB,2012,BX.KLT.DINV.WD.GD.ZS,fdi_inflow_pct_gdp,1.718958538
GB,2013,BX.KLT.DINV.WD.GD.ZS,fdi_inflow_pct_gdp,1.947621048
GB,2014,BX.KLT.DINV.WD.GD.ZS,fdi_inflow_pct_gdp,1.908704457
GB,2015,BX.KLT.DINV.WD.GD.ZS,fdi_inflow_pct_gdp,1.539034242
GB,2016,BX.KLT.DINV.WD.GD.ZS,fdi_inflow_pct_gdp,11.99986373
GB,2017,BX.KLT.DINV.WD.GD.ZS,fdi_inflow_pct_gdp,4.644435401
GB,2018,BX.KLT.DINV.WD.GD.ZS,fdi_inflow_pct_gdp,-0.864867037
GB,2019,BX.KLT.DINV.WD.GD.ZS,fdi_inflow_pct_gdp,0.688204352
GB,2020,BX.KLT.DINV.WD.GD.ZS,fdi_inflow_pct_gdp,5.77039185
GB,2021,BX.KLT.DINV.WD.GD.ZS,fdi_inflow_pct_gdp,3.206438153
GB,2022,BX.KLT.DINV.WD.GD.ZS,fdi_inflow_pct_gdp,2.916354352
GB,2023,BX.KLT.DINV.WD.GD.ZS,fdi_inflow_pct_gdp,0.403116735
GB,2024,BX.KLT.DINV.WD.GD.ZS,fdi_inflow_pct_gdp,-0.35146569
GB,2010,NY.GDP.PCAP.CD,gdp_per_capita_usd,39778.32205
GB,2011,NY.GDP.PCAP.CD,gdp_per_capita_usd,42295.92738
GB,2012,NY.GDP.PCAP.CD,gdp_per_capita_usd,42688.32637
GB,2013,NY.GDP.PCAP.CD,gdp_per_capita_usd,43606.98379
GB,2014,NY.GDP.PCAP.CD,gdp_per_capita_usd,47746.24218
GB,2015,NY.GDP.PCAP.CD,gdp_per_capita_usd,45255.34492
GB,2016,NY.GDP.PCAP.CD,gdp_per_capita_usd,41257.90855
GB,2017,NY.GDP.PCAP.CD,gdp_per_capita_usd,40916.81151
GB,2018,NY.GDP.PCAP.CD,gdp_per_capita_usd,43702.99763
GB,2019,NY.GDP.PCAP.CD,gdp_per_capita_usd,43158.74113
GB,2020,NY.GDP.PCAP.CD,gdp_per_capita_usd,40812.67947
GB,2021,NY.GDP.PCAP.CD,gdp_per_capita_usd,47691.37688
GB,2022,NY.GDP.PCAP.CD,gdp_per_capita_usd,47057.04323
GB,2023,NY.GDP.PCAP.CD,gdp_per_capita_usd,49944.47021
GB,2024,NY.GDP.PCAP.CD,gdp_per_capita_usd,53246.36761
GB,2010,NY.GDP.MKTP.CD,gdp_total_usd,2.49674E+12
GB,2011,NY.GDP.MKTP.CD,gdp_total_usd,2.67559E+12
GB,2012,NY.GDP.MKTP.CD,gdp_total_usd,2.71972E+12
GB,2013,NY.GDP.MKTP.CD,gdp_total_usd,2.79691E+12
GB,2014,NY.GDP.MKTP.CD,gdp_total_usd,3.08536E+12
GB,2015,NY.GDP.MKTP.CD,gdp_total_usd,2.94558E+12
GB,2016,NY.GDP.MKTP.CD,gdp_total_usd,2.70681E+12
GB,2017,NY.GDP.MKTP.CD,gdp_total_usd,2.69912E+12
GB,2018,NY.GDP.MKTP.CD,gdp_total_usd,2.89703E+12
GB,2019,NY.GDP.MKTP.CD,gdp_total_usd,2.87571E+12
GB,2020,NY.GDP.MKTP.CD,gdp_total_usd,2.724E+12
GB,2021,NY.GDP.MKTP.CD,gdp_total_usd,3.19456E+12
GB,2022,NY.GDP.MKTP.CD,gdp_total_usd,3.18124E+12
GB,2023,NY.GDP.MKTP.CD,gdp_total_usd,3.4208E+12
GB,2024,NY.GDP.MKTP.CD,gdp_total_usd,3.68603E+12
GB,2010,IT.NET.USER.ZS,internet_users_pct,85
GB,2011,IT.NET.USER.ZS,internet_users_pct,85.37999855
GB,2012,IT.NET.USER.ZS,internet_users_pct,87.47999842
GB,2013,IT.NET.USER.ZS,internet_users_pct,89.8441
GB,2014,IT.NET.USER.ZS,internet_users_pct,91.61330092
GB,2015,IT.NET.USER.ZS,internet_users_pct,92.00029987
GB,2016,IT.NET.USER.ZS,internet_users_pct,94.77580063
GB,2017,IT.NET.USER.ZS,internet_users_pct,90.42455049
GB,2018,IT.NET.USER.ZS,internet_users_pct,90.69200899
GB,2019,IT.NET.USER.ZS,internet_users_pct,92.51662855
GB,2020,IT.NET.USER.ZS,internet_users_pct,94.81820132
GB,2021,IT.NET.USER.ZS,internet_users_pct,96.19650269
GB,2022,IT.NET.USER.ZS,internet_users_pct,95.46530151
GB,2023,IT.NET.USER.ZS,internet_users_pct,95.44719696
GB,2024,IT.NET.USER.ZS,internet_users_pct,95.4720993
GB,2010,IT.CEL.SETS.P2,mobile_subs_per_100,121.7808444
GB,2011,IT.CEL.SETS.P2,mobile_subs_per_100,121.4976645
GB,2012,IT.CEL.SETS.P2,mobile_subs_per_100,122.4652318
GB,2013,IT.CEL.SETS.P2,mobile_subs_per_100,122.184696
GB,2014,IT.CEL.SETS.P2,mobile_subs_per_100,120.958261
GB,2015,IT.CEL.SETS.P2,mobile_subs_per_100,121.2117397
GB,2016,IT.CEL.SETS.P2,mobile_subs_per_100,119.7865588
GB,2017,IT.CEL.SETS.P2,mobile_subs_per_100,119.2067374
GB,2018,IT.CEL.SETS.P2,mobile_subs_per_100,118.1843819
GB,2019,IT.CEL.SETS.P2,mobile_subs_per_100,120.2501088
GB,2020,IT.CEL.SETS.P2,mobile_subs_per_100,117.3048507
GB,2021,IT.CEL.SETS.P2,mobile_subs_per_100,117.8874303
GB,2022,IT.CEL.SETS.P2,mobile_subs_per_100,119.8339995
GB,2023,IT.CEL.SETS.P2,mobile_subs_per_100,122.7815422
GB,2024,IT.CEL.SETS.P2,mobile_subs_per_100,121.6433314
GB,2010,SP.POP.TOTL,population_total,62766365
GB,2011,SP.POP.TOTL,population_total,63258810
GB,2012,SP.POP.TOTL,population_total,63711000
GB,2013,SP.POP.TOTL,population_total,64139000
GB,2014,SP.POP.TOTL,population_total,64620000
GB,2015,SP.POP.TOTL,population_total,65088000
GB,2016,SP.POP.TOTL,population_total,65607000
GB,2017,SP.POP.TOTL,population_total,65966000
GB,2018,SP.POP.TOTL,population_total,66289000
GB,2019,SP.POP.TOTL,population_total,66631000
GB,2020,SP.POP.TOTL,population_total,66744000
GB,2021,SP.POP.TOTL,population_total,66984000
GB,2022,SP.POP.TOTL,population_total,67604000
GB,2023,SP.POP.TOTL,population_total,68492000
GB,2024,SP.POP.TOTL,population_total,69226000
GB,2010,SP.URB.TOTL.IN.ZS,urban_population_pct,80.99516512
GB,2011,SP.URB.TOTL.IN.ZS,urban_population_pct,81.13596856
GB,2012,SP.URB.TOTL.IN.ZS,urban_population_pct,81.29056678
GB,2013,SP.URB.TOTL.IN.ZS,urban_population_pct,81.45737687
GB,2014,SP.URB.TOTL.IN.ZS,urban_population_pct,81.63557508
GB,2015,SP.URB.TOTL.IN.ZS,urban_population_pct,81.82437723
GB,2016,SP.URB.TOTL.IN.ZS,urban_population_pct,82.02299917
GB,2017,SP.URB.TOTL.IN.ZS,urban_population_pct,82.23065673
GB,2018,SP.URB.TOTL.IN.ZS,urban_population_pct,82.44656576
GB,2019,SP.URB.TOTL.IN.ZS,urban_population_pct,82.66994207
GB,2020,SP.URB.TOTL.IN.ZS,urban_population_pct,82.90000153
GB,2021,SP.URB.TOTL.IN.ZS,urban_population_pct,82.98864315
GB,2022,SP.URB.TOTL.IN.ZS,urban_population_pct,83.0753983
GB,2023,SP.URB.TOTL.IN.ZS,urban_population_pct,83.16019329
GB,2024,SP.URB.TOTL.IN.ZS,urban_population_pct,83.24295444
ID,2011,FX.OWN.TOTL.ZS,account_ownership_pct_adult,19.58199076
ID,2014,FX.OWN.TOTL.ZS,account_ownership_pct_adult,36.05898931
ID,2017,FX.OWN.TOTL.ZS,account_ownership_pct_adult,48.85745093
ID,2021,FX.OWN.TOTL.ZS,account_ownership_pct_adult,51.75532407
ID,2024,FX.OWN.TOTL.ZS,account_ownership_pct_adult,56.32784937
ID,2010,BX.KLT.DINV.WD.GD.ZS,fdi_inflow_pct_gdp,2.025179146
ID,2011,BX.KLT.DINV.WD.GD.ZS,fdi_inflow_pct_gdp,2.302984294
ID,2012,BX.KLT.DINV.WD.GD.ZS,fdi_inflow_pct_gdp,2.309780319
ID,2013,BX.KLT.DINV.WD.GD.ZS,fdi_inflow_pct_gdp,2.551356334
ID,2014,BX.KLT.DINV.WD.GD.ZS,fdi_inflow_pct_gdp,2.819972604
ID,2015,BX.KLT.DINV.WD.GD.ZS,fdi_inflow_pct_gdp,2.297616394
ID,2016,BX.KLT.DINV.WD.GD.ZS,fdi_inflow_pct_gdp,0.487372471
ID,2017,BX.KLT.DINV.WD.GD.ZS,fdi_inflow_pct_gdp,2.019489198
ID,2018,BX.KLT.DINV.WD.GD.ZS,fdi_inflow_pct_gdp,1.814289793
ID,2019,BX.KLT.DINV.WD.GD.ZS,fdi_inflow_pct_gdp,2.233362043
ID,2020,BX.KLT.DINV.WD.GD.ZS,fdi_inflow_pct_gdp,1.81058402
ID,2021,BX.KLT.DINV.WD.GD.ZS,fdi_inflow_pct_gdp,1.787855631
ID,2022,BX.KLT.DINV.WD.GD.ZS,fdi_inflow_pct_gdp,1.872641009
ID,2023,BX.KLT.DINV.WD.GD.ZS,fdi_inflow_pct_gdp,1.571166942
ID,2024,BX.KLT.DINV.WD.GD.ZS,fdi_inflow_pct_gdp,1.738555008
ID,2010,NY.GDP.PCAP.CD,gdp_per_capita_usd,3065.683484
ID,2011,NY.GDP.PCAP.CD,gdp_per_capita_usd,3579.464425
ID,2012,NY.GDP.PCAP.CD,gdp_per_capita_usd,3632.27254
ID,2013,NY.GDP.PCAP.CD,gdp_per_capita_usd,3566.602845
ID,2014,NY.GDP.PCAP.CD,gdp_per_capita_usd,3441.068085
ID,2015,NY.GDP.PCAP.CD,gdp_per_capita_usd,3288.222697
ID,2016,NY.GDP.PCAP.CD,gdp_per_capita_usd,3521.469435
ID,2017,NY.GDP.PCAP.CD,gdp_per_capita_usd,3798.883262
ID,2018,NY.GDP.PCAP.CD,gdp_per_capita_usd,3860.953531
ID,2019,NY.GDP.PCAP.CD,gdp_per_capita_usd,4106.948562
ID,2020,NY.GDP.PCAP.CD,gdp_per_capita_usd,3853.702888
ID,2021,NY.GDP.PCAP.CD,gdp_per_capita_usd,4287.17314
ID,2022,NY.GDP.PCAP.CD,gdp_per_capita_usd,4730.834848
ID,2023,NY.GDP.PCAP.CD,gdp_per_capita_usd,4876.307745
ID,2024,NY.GDP.PCAP.CD,gdp_per_capita_usd,4925.430488
ID,2010,NY.GDP.MKTP.CD,gdp_total_usd,7.55094E+11
ID,2011,NY.GDP.MKTP.CD,gdp_total_usd,8.92969E+11
ID,2012,NY.GDP.MKTP.CD,gdp_total_usd,9.1787E+11
ID,2013,NY.GDP.MKTP.CD,gdp_total_usd,9.12524E+11
ID,2014,NY.GDP.MKTP.CD,gdp_total_usd,8.90815E+11
ID,2015,NY.GDP.MKTP.CD,gdp_total_usd,8.60854E+11
ID,2016,NY.GDP.MKTP.CD,gdp_total_usd,9.31877E+11
ID,2017,NY.GDP.MKTP.CD,gdp_total_usd,1.01562E+12
ID,2018,NY.GDP.MKTP.CD,gdp_total_usd,1.04227E+12
ID,2019,NY.GDP.MKTP.CD,gdp_total_usd,1.1191E+12
ID,2020,NY.GDP.MKTP.CD,gdp_total_usd,1.05905E+12
ID,2021,NY.GDP.MKTP.CD,gdp_total_usd,1.18651E+12
ID,2022,NY.GDP.MKTP.CD,gdp_total_usd,1.3191E+12
ID,2023,NY.GDP.MKTP.CD,gdp_total_usd,1.37117E+12
ID,2024,NY.GDP.MKTP.CD,gdp_total_usd,1.3963E+12
ID,2010,IT.NET.USER.ZS,internet_users_pct,10.92
ID,2011,IT.NET.USER.ZS,internet_users_pct,12.28
ID,2012,IT.NET.USER.ZS,internet_users_pct,14.52
ID,2013,IT.NET.USER.ZS,internet_users_pct,14.94
ID,2014,IT.NET.USER.ZS,internet_users_pct,17.14315984
ID,2015,IT.NET.USER.ZS,internet_users_pct,22.0627426
ID,2016,IT.NET.USER.ZS,internet_users_pct,25.4473537
ID,2017,IT.NET.USER.ZS,internet_users_pct,32.33580625
ID,2018,IT.NET.USER.ZS,internet_users_pct,39.90463864
ID,2019,IT.NET.USER.ZS,internet_users_pct,47.69064898
ID,2020,IT.NET.USER.ZS,internet_users_pct,53.72649449
ID,2021,IT.NET.USER.ZS,internet_users_pct,62.10447842
ID,2022,IT.NET.USER.ZS,internet_users_pct,66.48461277
ID,2023,IT.NET.USER.ZS,internet_users_pct,69.20836554
ID,2024,IT.NET.USER.ZS,internet_users_pct,72.78075544
ID,2010,IT.CEL.SETS.P2,mobile_subs_per_100,85.7838691
ID,2011,IT.CEL.SETS.P2,mobile_subs_per_100,100.13452
ID,2012,IT.CEL.SETS.P2,mobile_subs_per_100,111.581049
ID,2013,IT.CEL.SETS.P2,mobile_subs_per_100,122.4248168
ID,2014,IT.CEL.SETS.P2,mobile_subs_per_100,125.7671856
ID,2015,IT.CEL.SETS.P2,mobile_subs_per_100,129.4687977
ID,2016,IT.CEL.SETS.P2,mobile_subs_per_100,145.7042513
ID,2017,IT.CEL.SETS.P2,mobile_subs_per_100,162.7825118
ID,2018,IT.CEL.SETS.P2,mobile_subs_per_100,118.3302169
ID,2019,IT.CEL.SETS.P2,mobile_subs_per_100,125.2443481
ID,2020,IT.CEL.SETS.P2,mobile_subs_per_100,129.4036211
ID,2021,IT.CEL.SETS.P2,mobile_subs_per_100,132.1994443
ID,2022,IT.CEL.SETS.P2,mobile_subs_per_100,122.8730122
ID,2023,IT.CEL.SETS.P2,mobile_subs_per_100,125.2381948
ID,2024,IT.CEL.SETS.P2,mobile_subs_per_100,122.5149465
ID,2010,SP.POP.TOTL,population_total,246305322
ID,2011,SP.POP.TOTL,population_total,249470032
ID,2012,SP.POP.TOTL,population_total,252698525
ID,2013,SP.POP.TOTL,population_total,255852467
ID,2014,SP.POP.TOTL,population_total,258877399
ID,2015,SP.POP.TOTL,population_total,261799249
ID,2016,SP.POP.TOTL,population_total,264627418
ID,2017,SP.POP.TOTL,population_total,267346658
ID,2018,SP.POP.TOTL,population_total,269951846
ID,2019,SP.POP.TOTL,population_total,272489381
ID,2020,SP.POP.TOTL,population_total,274814866
ID,2021,SP.POP.TOTL,population_total,276758053
ID,2022,SP.POP.TOTL,population_total,278830529
ID,2023,SP.POP.TOTL,population_total,281190067
ID,2024,SP.POP.TOTL,population_total,283487931
ID,2010,SP.URB.TOTL.IN.ZS,urban_population_pct,49.85213751
ID,2011,SP.URB.TOTL.IN.ZS,urban_population_pct,50.48300171
ID,2012,SP.URB.TOTL.IN.ZS,urban_population_pct,51.15939331
ID,2013,SP.URB.TOTL.IN.ZS,urban_population_pct,51.83074951
ID,2014,SP.URB.TOTL.IN.ZS,urban_population_pct,52.50021362
ID,2015,SP.URB.TOTL.IN.ZS,urban_population_pct,53.17207718
ID,2016,SP.URB.TOTL.IN.ZS,urban_population_pct,53.81255722
ID,2017,SP.URB.TOTL.IN.ZS,urban_population_pct,54.45410156
ID,2018,SP.URB.TOTL.IN.ZS,urban_population_pct,55.09568405
ID,2019,SP.URB.TOTL.IN.ZS,urban_population_pct,55.73820496
ID,2020,SP.URB.TOTL.IN.ZS,urban_population_pct,56.27852876
ID,2021,SP.URB.TOTL.IN.ZS,urban_population_pct,56.87617025
ID,2022,SP.URB.TOTL.IN.ZS,urban_population_pct,57.49347042
ID,2023,SP.URB.TOTL.IN.ZS,urban_population_pct,58.11793534
ID,2024,SP.URB.TOTL.IN.ZS,urban_population_pct,58.75096354
IN,2011,FX.OWN.TOTL.ZS,account_ownership_pct_adult,35.23183853
IN,2014,FX.OWN.TOTL.ZS,account_ownership_pct_adult,53.14155005
IN,2017,FX.OWN.TOTL.ZS,account_ownership_pct_adult,79.8753285
IN,2021,FX.OWN.TOTL.ZS,account_ownership_pct_adult,77.52913706
IN,2024,FX.OWN.TOTL.ZS,account_ownership_pct_adult,89.02482245
IN,2010,BX.KLT.DINV.WD.GD.ZS,fdi_inflow_pct_gdp,1.635034094
IN,2011,BX.KLT.DINV.WD.GD.ZS,fdi_inflow_pct_gdp,2.002063463
IN,2012,BX.KLT.DINV.WD.GD.ZS,fdi_inflow_pct_gdp,1.31293453
IN,2013,BX.KLT.DINV.WD.GD.ZS,fdi_inflow_pct_gdp,1.516276467
IN,2014,BX.KLT.DINV.WD.GD.ZS,fdi_inflow_pct_gdp,1.69565959
IN,2015,BX.KLT.DINV.WD.GD.ZS,fdi_inflow_pct_gdp,2.092115214
IN,2016,BX.KLT.DINV.WD.GD.ZS,fdi_inflow_pct_gdp,1.937364122
IN,2017,BX.KLT.DINV.WD.GD.ZS,fdi_inflow_pct_gdp,1.507315833
IN,2018,BX.KLT.DINV.WD.GD.ZS,fdi_inflow_pct_gdp,1.558214838
IN,2019,BX.KLT.DINV.WD.GD.ZS,fdi_inflow_pct_gdp,1.78482634
IN,2020,BX.KLT.DINV.WD.GD.ZS,fdi_inflow_pct_gdp,2.406203227
IN,2021,BX.KLT.DINV.WD.GD.ZS,fdi_inflow_pct_gdp,1.41217101
IN,2022,BX.KLT.DINV.WD.GD.ZS,fdi_inflow_pct_gdp,1.492488259
IN,2023,BX.KLT.DINV.WD.GD.ZS,fdi_inflow_pct_gdp,0.771919134
IN,2024,BX.KLT.DINV.WD.GD.ZS,fdi_inflow_pct_gdp,0.694133153
IN,2010,NY.GDP.PCAP.CD,gdp_per_capita_usd,1347.519391
IN,2011,NY.GDP.PCAP.CD,gdp_per_capita_usd,1445.461275
IN,2012,NY.GDP.PCAP.CD,gdp_per_capita_usd,1429.321995
IN,2013,NY.GDP.PCAP.CD,gdp_per_capita_usd,1432.843975
IN,2014,NY.GDP.PCAP.CD,gdp_per_capita_usd,1553.883961
IN,2015,NY.GDP.PCAP.CD,gdp_per_capita_usd,1583.998159
IN,2016,NY.GDP.PCAP.CD,gdp_per_capita_usd,1707.508929
IN,2017,NY.GDP.PCAP.CD,gdp_per_capita_usd,1950.104683
IN,2018,NY.GDP.PCAP.CD,gdp_per_capita_usd,1966.254552
IN,2019,NY.GDP.PCAP.CD,gdp_per_capita_usd,2041.428637
IN,2020,NY.GDP.PCAP.CD,gdp_per_capita_usd,1907.042516
IN,2021,NY.GDP.PCAP.CD,gdp_per_capita_usd,2239.613844
IN,2022,NY.GDP.PCAP.CD,gdp_per_capita_usd,2347.448294
IN,2023,NY.GDP.PCAP.CD,gdp_per_capita_usd,2530.120313
IN,2024,NY.GDP.PCAP.CD,gdp_per_capita_usd,2694.737809
IN,2010,NY.GDP.MKTP.CD,gdp_total_usd,1.67562E+12
IN,2011,NY.GDP.MKTP.CD,gdp_total_usd,1.82305E+12
IN,2012,NY.GDP.MKTP.CD,gdp_total_usd,1.82764E+12
IN,2013,NY.GDP.MKTP.CD,gdp_total_usd,1.85672E+12
IN,2014,NY.GDP.MKTP.CD,gdp_total_usd,2.03913E+12
IN,2015,NY.GDP.MKTP.CD,gdp_total_usd,2.10359E+12
IN,2016,NY.GDP.MKTP.CD,gdp_total_usd,2.2948E+12
IN,2017,NY.GDP.MKTP.CD,gdp_total_usd,2.65147E+12
IN,2018,NY.GDP.MKTP.CD,gdp_total_usd,2.70293E+12
IN,2019,NY.GDP.MKTP.CD,gdp_total_usd,2.83561E+12
IN,2020,NY.GDP.MKTP.CD,gdp_total_usd,2.67485E+12
IN,2021,NY.GDP.MKTP.CD,gdp_total_usd,3.16727E+12
IN,2022,NY.GDP.MKTP.CD,gdp_total_usd,3.34611E+12
IN,2023,NY.GDP.MKTP.CD,gdp_total_usd,3.63849E+12
IN,2024,NY.GDP.MKTP.CD,gdp_total_usd,3.90989E+12
IN,2010,IT.NET.USER.ZS,internet_users_pct,7.5
IN,2011,IT.NET.USER.ZS,internet_users_pct,10.07
IN,2012,IT.NET.USER.ZS,internet_users_pct,11.10000038
IN,2013,IT.NET.USER.ZS,internet_users_pct,12.30000019
IN,2014,IT.NET.USER.ZS,internet_users_pct,13.5
IN,2015,IT.NET.USER.ZS,internet_users_pct,14.89999962
IN,2016,IT.NET.USER.ZS,internet_users_pct,16.5
IN,2017,IT.NET.USER.ZS,internet_users_pct,18.20000076
IN,2018,IT.NET.USER.ZS,internet_users_pct,20.08130004
IN,2019,IT.NET.USER.ZS,internet_users_pct,29.52350044
IN,2020,IT.NET.USER.ZS,internet_users_pct,43.40544313
IN,2021,IT.NET.USER.ZS,internet_users_pct,49.2580986
IN,2022,IT.NET.USER.ZS,internet_users_pct,55.9
IN,2023,IT.NET.USER.ZS,internet_users_pct,60.25230026
IN,2024,IT.NET.USER.ZS,internet_users_pct,64.9434967
IN,2025,IT.NET.USER.ZS,internet_users_pct,70
IN,2010,IT.CEL.SETS.P2,mobile_subs_per_100,60.49064351
IN,2011,IT.CEL.SETS.P2,mobile_subs_per_100,70.87256521
IN,2012,IT.CEL.SETS.P2,mobile_subs_per_100,67.62635179
IN,2013,IT.CEL.SETS.P2,mobile_subs_per_100,68.39667082
IN,2014,IT.CEL.SETS.P2,mobile_subs_per_100,71.93668254
IN,2015,IT.CEL.SETS.P2,mobile_subs_per_100,75.37933235
IN,2016,IT.CEL.SETS.P2,mobile_subs_per_100,83.91783821
IN,2017,IT.CEL.SETS.P2,mobile_subs_per_100,85.97035378
IN,2018,IT.CEL.SETS.P2,mobile_subs_per_100,85.55007564
IN,2019,IT.CEL.SETS.P2,mobile_subs_per_100,82.89814492
IN,2020,IT.CEL.SETS.P2,mobile_subs_per_100,82.25404799
IN,2021,IT.CEL.SETS.P2,mobile_subs_per_100,81.60397431
IN,2022,IT.CEL.SETS.P2,mobile_subs_per_100,80.18180077
IN,2023,IT.CEL.SETS.P2,mobile_subs_per_100,80.56319988
IN,2024,IT.CEL.SETS.P2,mobile_subs_per_100,79.35269218
IN,2010,SP.POP.TOTL,population_total,1243481564
IN,2011,SP.POP.TOTL,population_total,1261224954
IN,2012,SP.POP.TOTL,population_total,1278674502
IN,2013,SP.POP.TOTL,population_total,1295829511
IN,2014,SP.POP.TOTL,population_total,1312277191
IN,2015,SP.POP.TOTL,population_total,1328024498
IN,2016,SP.POP.TOTL,population_total,1343944296
IN,2017,SP.POP.TOTL,population_total,1359657400
IN,2018,SP.POP.TOTL,population_total,1374659064
IN,2019,SP.POP.TOTL,population_total,1389030312
IN,2020,SP.POP.TOTL,population_total,1402617695
IN,2021,SP.POP.TOTL,population_total,1414203896
IN,2022,SP.POP.TOTL,population_total,1425423212
IN,2023,SP.POP.TOTL,population_total,1438069596
IN,2024,SP.POP.TOTL,population_total,1450935791
IN,2010,SP.URB.TOTL.IN.ZS,urban_population_pct,30.90421908
IN,2011,SP.URB.TOTL.IN.ZS,urban_population_pct,31.27465029
IN,2012,SP.URB.TOTL.IN.ZS,urban_population_pct,31.58989356
IN,2013,SP.URB.TOTL.IN.ZS,urban_population_pct,31.90967892
IN,2014,SP.URB.TOTL.IN.ZS,urban_population_pct,32.22882334
IN,2015,SP.URB.TOTL.IN.ZS,urban_population_pct,32.547299
IN,2016,SP.URB.TOTL.IN.ZS,urban_population_pct,32.8650781
IN,2017,SP.URB.TOTL.IN.ZS,urban_population_pct,33.18213282
IN,2018,SP.URB.TOTL.IN.ZS,urban_population_pct,33.49843535
IN,2019,SP.URB.TOTL.IN.ZS,urban_population_pct,33.81395788
IN,2020,SP.URB.TOTL.IN.ZS,urban_population_pct,34.12867261
IN,2021,SP.URB.TOTL.IN.ZS,urban_population_pct,34.44255172
IN,2022,SP.URB.TOTL.IN.ZS,urban_population_pct,34.7555674
IN,2023,SP.URB.TOTL.IN.ZS,urban_population_pct,35.06769184
IN,2024,SP.URB.TOTL.IN.ZS,urban_population_pct,35.37889724
JP,2011,FX.OWN.TOTL.ZS,account_ownership_pct_adult,96.42204831
JP,2014,FX.OWN.TOTL.ZS,account_ownership_pct_adult,96.64558223
JP,2017,FX.OWN.TOTL.ZS,account_ownership_pct_adult,98.24339201
JP,2021,FX.OWN.TOTL.ZS,account_ownership_pct_adult,98.48942004
JP,2024,FX.OWN.TOTL.ZS,account_ownership_pct_adult,98.52355921
JP,2010,BX.KLT.DINV.WD.GD.ZS,fdi_inflow_pct_gdp,0.12920449
JP,2011,BX.KLT.DINV.WD.GD.ZS,fdi_inflow_pct_gdp,-0.013648274
JP,2012,BX.KLT.DINV.WD.GD.ZS,fdi_inflow_pct_gdp,0.008720202
JP,2013,BX.KLT.DINV.WD.GD.ZS,fdi_inflow_pct_gdp,0.204293384
JP,2014,BX.KLT.DINV.WD.GD.ZS,fdi_inflow_pct_gdp,0.403354543
JP,2015,BX.KLT.DINV.WD.GD.ZS,fdi_inflow_pct_gdp,0.118161988
JP,2016,BX.KLT.DINV.WD.GD.ZS,fdi_inflow_pct_gdp,0.818481615
JP,2017,BX.KLT.DINV.WD.GD.ZS,fdi_inflow_pct_gdp,0.381319638
JP,2018,BX.KLT.DINV.WD.GD.ZS,fdi_inflow_pct_gdp,0.501685482
JP,2019,BX.KLT.DINV.WD.GD.ZS,fdi_inflow_pct_gdp,0.780785313
JP,2020,BX.KLT.DINV.WD.GD.ZS,fdi_inflow_pct_gdp,1.238303864
JP,2021,BX.KLT.DINV.WD.GD.ZS,fdi_inflow_pct_gdp,0.695100892
JP,2022,BX.KLT.DINV.WD.GD.ZS,fdi_inflow_pct_gdp,1.129718408
JP,2023,BX.KLT.DINV.WD.GD.ZS,fdi_inflow_pct_gdp,0.474278369
JP,2024,BX.KLT.DINV.WD.GD.ZS,fdi_inflow_pct_gdp,0.401239654
JP,2010,NY.GDP.PCAP.CD,gdp_per_capita_usd,44968.15623
JP,2011,NY.GDP.PCAP.CD,gdp_per_capita_usd,48760.07895
JP,2012,NY.GDP.PCAP.CD,gdp_per_capita_usd,49145.28043
JP,2013,NY.GDP.PCAP.CD,gdp_per_capita_usd,40898.6479
JP,2014,NY.GDP.PCAP.CD,gdp_per_capita_usd,38475.39525
JP,2015,NY.GDP.PCAP.CD,gdp_per_capita_usd,34960.63938
JP,2016,NY.GDP.PCAP.CD,gdp_per_capita_usd,39375.47316
JP,2017,NY.GDP.PCAP.CD,gdp_per_capita_usd,38834.05293
JP,2018,NY.GDP.PCAP.CD,gdp_per_capita_usd,39751.1331
JP,2019,NY.GDP.PCAP.CD,gdp_per_capita_usd,40415.95676
JP,2020,NY.GDP.PCAP.CD,gdp_per_capita_usd,40028.73417
JP,2021,NY.GDP.PCAP.CD,gdp_per_capita_usd,40094.55998
JP,2022,NY.GDP.PCAP.CD,gdp_per_capita_usd,34065.6439
JP,2023,NY.GDP.PCAP.CD,gdp_per_capita_usd,33836.17563
JP,2024,NY.GDP.PCAP.CD,gdp_per_capita_usd,32487.0778
JP,2010,NY.GDP.MKTP.CD,gdp_total_usd,5.75907E+12
JP,2011,NY.GDP.MKTP.CD,gdp_total_usd,6.23315E+12
JP,2012,NY.GDP.MKTP.CD,gdp_total_usd,6.27236E+12
JP,2013,NY.GDP.MKTP.CD,gdp_total_usd,5.21233E+12
JP,2014,NY.GDP.MKTP.CD,gdp_total_usd,4.89699E+12
JP,2015,NY.GDP.MKTP.CD,gdp_total_usd,4.44493E+12
JP,2016,NY.GDP.MKTP.CD,gdp_total_usd,5.00368E+12
JP,2017,NY.GDP.MKTP.CD,gdp_total_usd,4.93084E+12
JP,2018,NY.GDP.MKTP.CD,gdp_total_usd,5.04088E+12
JP,2019,NY.GDP.MKTP.CD,gdp_total_usd,5.11799E+12
JP,2020,NY.GDP.MKTP.CD,gdp_total_usd,5.05407E+12
JP,2021,NY.GDP.MKTP.CD,gdp_total_usd,5.03915E+12
JP,2022,NY.GDP.MKTP.CD,gdp_total_usd,4.26246E+12
JP,2023,NY.GDP.MKTP.CD,gdp_total_usd,4.21317E+12
JP,2024,NY.GDP.MKTP.CD,gdp_total_usd,4.0276E+12
JP,2010,IT.NET.USER.ZS,internet_users_pct,78.21
JP,2011,IT.NET.USER.ZS,internet_users_pct,79.05411352
JP,2012,IT.NET.USER.ZS,internet_users_pct,79.4964
JP,2013,IT.NET.USER.ZS,internet_users_pct,88.21942891
JP,2014,IT.NET.USER.ZS,internet_users_pct,89.10683302
JP,2015,IT.NET.USER.ZS,internet_users_pct,91.05802839
JP,2016,IT.NET.USER.ZS,internet_users_pct,93.18272128
JP,2017,IT.NET.USER.ZS,internet_users_pct,91.72654724
JP,2018,IT.NET.USER.ZS,internet_users_pct,88.74635089
JP,2019,IT.NET.USER.ZS,internet_users_pct,92.73039781
JP,2020,IT.NET.USER.ZS,internet_users_pct,90.21945812
JP,2021,IT.NET.USER.ZS,internet_users_pct,82.91407928
JP,2022,IT.NET.USER.ZS,internet_users_pct,84.92343147
JP,2023,IT.NET.USER.ZS,internet_users_pct,85.00990295
JP,2024,IT.NET.USER.ZS,internet_users_pct,85.54153081
JP,2010,IT.CEL.SETS.P2,mobile_subs_per_100,96.17885128
JP,2011,IT.CEL.SETS.P2,mobile_subs_per_100,103.641548
JP,2012,IT.CEL.SETS.P2,mobile_subs_per_100,110.3190588
JP,2013,IT.CEL.SETS.P2,mobile_subs_per_100,115.7871692
JP,2014,IT.CEL.SETS.P2,mobile_subs_per_100,123.8220996
JP,2015,IT.CEL.SETS.P2,mobile_subs_per_100,126.1509597
JP,2016,IT.CEL.SETS.P2,mobile_subs_per_100,131.214861
JP,2017,IT.CEL.SETS.P2,mobile_subs_per_100,135.9858431
JP,2018,IT.CEL.SETS.P2,mobile_subs_per_100,141.7287289
JP,2019,IT.CEL.SETS.P2,mobile_subs_per_100,147.2099108
JP,2020,IT.CEL.SETS.P2,mobile_subs_per_100,154.4322068
JP,2021,IT.CEL.SETS.P2,mobile_subs_per_100,159.5161235
JP,2022,IT.CEL.SETS.P2,mobile_subs_per_100,168.6029437
JP,2023,IT.CEL.SETS.P2,mobile_subs_per_100,178.4324413
JP,2010,SP.POP.TOTL,population_total,128070000
JP,2011,SP.POP.TOTL,population_total,127833000
JP,2012,SP.POP.TOTL,population_total,127629000
JP,2013,SP.POP.TOTL,population_total,127445000
JP,2014,SP.POP.TOTL,population_total,127276000
JP,2015,SP.POP.TOTL,population_total,127141000
JP,2016,SP.POP.TOTL,population_total,127076000
JP,2017,SP.POP.TOTL,population_total,126972000
JP,2018,SP.POP.TOTL,population_total,126811000
JP,2019,SP.POP.TOTL,population_total,126633000
JP,2020,SP.POP.TOTL,population_total,126261000
JP,2021,SP.POP.TOTL,population_total,125681593
JP,2022,SP.POP.TOTL,population_total,125124989
JP,2023,SP.POP.TOTL,population_total,124516650
JP,2024,SP.POP.TOTL,population_total,123975371
JP,2010,SP.URB.TOTL.IN.ZS,urban_population_pct,90.62285868
JP,2011,SP.URB.TOTL.IN.ZS,urban_population_pct,90.86316544
JP,2012,SP.URB.TOTL.IN.ZS,urban_population_pct,91.02652773
JP,2013,SP.URB.TOTL.IN.ZS,urban_population_pct,91.15165957
JP,2014,SP.URB.TOTL.IN.ZS,urban_population_pct,91.25489451
JP,2015,SP.URB.TOTL.IN.ZS,urban_population_pct,91.35326441
JP,2016,SP.URB.TOTL.IN.ZS,urban_population_pct,91.45412549
JP,2017,SP.URB.TOTL.IN.ZS,urban_population_pct,91.54984197
JP,2018,SP.URB.TOTL.IN.ZS,urban_population_pct,91.63773186
JP,2019,SP.URB.TOTL.IN.ZS,urban_population_pct,91.71642079
JP,2020,SP.URB.TOTL.IN.ZS,urban_population_pct,91.78099263
JP,2021,SP.URB.TOTL.IN.ZS,urban_population_pct,91.87410493
JP,2022,SP.URB.TOTL.IN.ZS,urban_population_pct,91.97765324
JP,2023,SP.URB.TOTL.IN.ZS,urban_population_pct,92.08269039
JP,2024,SP.URB.TOTL.IN.ZS,urban_population_pct,92.1901718
KR,2011,FX.OWN.TOTL.ZS,account_ownership_pct_adult,93.04686903
KR,2014,FX.OWN.TOTL.ZS,account_ownership_pct_adult,94.36081354
KR,2017,FX.OWN.TOTL.ZS,account_ownership_pct_adult,94.85101269
KR,2021,FX.OWN.TOTL.ZS,account_ownership_pct_adult,98.67134709
KR,2024,FX.OWN.TOTL.ZS,account_ownership_pct_adult,96.89494489
KR,2010,BX.KLT.DINV.WD.GD.ZS,fdi_inflow_pct_gdp,0.796207328
KR,2011,BX.KLT.DINV.WD.GD.ZS,fdi_inflow_pct_gdp,0.747683727
KR,2012,BX.KLT.DINV.WD.GD.ZS,fdi_inflow_pct_gdp,0.711120351
KR,2013,BX.KLT.DINV.WD.GD.ZS,fdi_inflow_pct_gdp,0.889863369
KR,2014,BX.KLT.DINV.WD.GD.ZS,fdi_inflow_pct_gdp,0.595893049
KR,2015,BX.KLT.DINV.WD.GD.ZS,fdi_inflow_pct_gdp,0.266636383
KR,2016,BX.KLT.DINV.WD.GD.ZS,fdi_inflow_pct_gdp,0.766507046
KR,2017,BX.KLT.DINV.WD.GD.ZS,fdi_inflow_pct_gdp,1.047417493
KR,2018,BX.KLT.DINV.WD.GD.ZS,fdi_inflow_pct_gdp,0.667813638
KR,2019,BX.KLT.DINV.WD.GD.ZS,fdi_inflow_pct_gdp,0.550202643
KR,2020,BX.KLT.DINV.WD.GD.ZS,fdi_inflow_pct_gdp,0.50255429
KR,2021,BX.KLT.DINV.WD.GD.ZS,fdi_inflow_pct_gdp,1.135779539
KR,2022,BX.KLT.DINV.WD.GD.ZS,fdi_inflow_pct_gdp,1.391864697
KR,2023,BX.KLT.DINV.WD.GD.ZS,fdi_inflow_pct_gdp,1.008190079
KR,2024,BX.KLT.DINV.WD.GD.ZS,fdi_inflow_pct_gdp,0.685857997
KR,2010,NY.GDP.PCAP.CD,gdp_per_capita_usd,24071.26205
KR,2011,NY.GDP.PCAP.CD,gdp_per_capita_usd,26175.23986
KR,2012,NY.GDP.PCAP.CD,gdp_per_capita_usd,26600.54774
KR,2013,NY.GDP.PCAP.CD,gdp_per_capita_usd,28449.35911
KR,2014,NY.GDP.PCAP.CD,gdp_per_capita_usd,30667.09125
KR,2015,NY.GDP.PCAP.CD,gdp_per_capita_usd,30171.79065
KR,2016,NY.GDP.PCAP.CD,gdp_per_capita_usd,30832.06281
KR,2017,NY.GDP.PCAP.CD,gdp_per_capita_usd,33296.98454
KR,2018,NY.GDP.PCAP.CD,gdp_per_capita_usd,35363.95082
KR,2019,NY.GDP.PCAP.CD,gdp_per_capita_usd,33826.94433
KR,2020,NY.GDP.PCAP.CD,gdp_per_capita_usd,33645.77195
KR,2021,NY.GDP.PCAP.CD,gdp_per_capita_usd,37518.46353
KR,2022,NY.GDP.PCAP.CD,gdp_per_capita_usd,34822.40484
KR,2023,NY.GDP.PCAP.CD,gdp_per_capita_usd,35674.096
KR,2024,NY.GDP.PCAP.CD,gdp_per_capita_usd,36238.63991
KR,2010,NY.GDP.MKTP.CD,gdp_total_usd,1.19283E+12
KR,2011,NY.GDP.MKTP.CD,gdp_total_usd,1.3071E+12
KR,2012,NY.GDP.MKTP.CD,gdp_total_usd,1.33534E+12
KR,2013,NY.GDP.MKTP.CD,gdp_total_usd,1.43467E+12
KR,2014,NY.GDP.MKTP.CD,gdp_total_usd,1.55625E+12
KR,2015,NY.GDP.MKTP.CD,gdp_total_usd,1.53921E+12
KR,2016,NY.GDP.MKTP.CD,gdp_total_usd,1.57915E+12
KR,2017,NY.GDP.MKTP.CD,gdp_total_usd,1.7102E+12
KR,2018,NY.GDP.MKTP.CD,gdp_total_usd,1.82425E+12
KR,2019,NY.GDP.MKTP.CD,gdp_total_usd,1.75105E+12
KR,2020,NY.GDP.MKTP.CD,gdp_total_usd,1.74407E+12
KR,2021,NY.GDP.MKTP.CD,gdp_total_usd,1.94231E+12
KR,2022,NY.GDP.MKTP.CD,gdp_total_usd,1.79936E+12
KR,2023,NY.GDP.MKTP.CD,gdp_total_usd,1.8448E+12
KR,2024,NY.GDP.MKTP.CD,gdp_total_usd,1.87539E+12
KR,2010,IT.NET.USER.ZS,internet_users_pct,83.7
KR,2011,IT.NET.USER.ZS,internet_users_pct,83.75912015
KR,2012,IT.NET.USER.ZS,internet_users_pct,84.07
KR,2013,IT.NET.USER.ZS,internet_users_pct,84.77
KR,2014,IT.NET.USER.ZS,internet_users_pct,87.55682649
KR,2015,IT.NET.USER.ZS,internet_users_pct,89.8962558
KR,2016,IT.NET.USER.ZS,internet_users_pct,92.84302568
KR,2017,IT.NET.USER.ZS,internet_users_pct,95.06942188
KR,2018,IT.NET.USER.ZS,internet_users_pct,96.02285958
KR,2019,IT.NET.USER.ZS,internet_users_pct,96.15757918
KR,2020,IT.NET.USER.ZS,internet_users_pct,96.50506052
KR,2021,IT.NET.USER.ZS,internet_users_pct,97.57132698
KR,2022,IT.NET.USER.ZS,internet_users_pct,97.16855335
KR,2023,IT.NET.USER.ZS,internet_users_pct,97.41597478
KR,2024,IT.NET.USER.ZS,internet_users_pct,97.89563777
KR,2010,IT.CEL.SETS.P2,mobile_subs_per_100,104.0966503
KR,2011,IT.CEL.SETS.P2,mobile_subs_per_100,106.8783068
KR,2012,IT.CEL.SETS.P2,mobile_subs_per_100,108.1146818
KR,2013,IT.CEL.SETS.P2,mobile_subs_per_100,109.2062489
KR,2014,IT.CEL.SETS.P2,mobile_subs_per_100,113.3585796
KR,2015,IT.CEL.SETS.P2,mobile_subs_per_100,115.5954471
KR,2016,IT.CEL.SETS.P2,mobile_subs_per_100,119.489513
KR,2017,IT.CEL.SETS.P2,mobile_subs_per_100,123.6420661
KR,2018,IT.CEL.SETS.P2,mobile_subs_per_100,128.4946345
KR,2019,IT.CEL.SETS.P2,mobile_subs_per_100,133.0797905
KR,2020,IT.CEL.SETS.P2,mobile_subs_per_100,135.9732743
KR,2021,IT.CEL.SETS.P2,mobile_subs_per_100,140.5163828
KR,2022,IT.CEL.SETS.P2,mobile_subs_per_100,148.6836077
KR,2023,IT.CEL.SETS.P2,mobile_subs_per_100,162.1136565
KR,2024,IT.CEL.SETS.P2,mobile_subs_per_100,172.5202412
KR,2010,SP.POP.TOTL,population_total,49554112
KR,2011,SP.POP.TOTL,population_total,49936638
KR,2012,SP.POP.TOTL,population_total,50199853
KR,2013,SP.POP.TOTL,population_total,50428893
KR,2014,SP.POP.TOTL,population_total,50746659
KR,2015,SP.POP.TOTL,population_total,51014947
KR,2016,SP.POP.TOTL,population_total,51217803
KR,2017,SP.POP.TOTL,population_total,51361911
KR,2018,SP.POP.TOTL,population_total,51585058
KR,2019,SP.POP.TOTL,population_total,51764822
KR,2020,SP.POP.TOTL,population_total,51836239
KR,2021,SP.POP.TOTL,population_total,51769539
KR,2022,SP.POP.TOTL,population_total,51672569
KR,2023,SP.POP.TOTL,population_total,51712619
KR,2024,SP.POP.TOTL,population_total,51751065
KR,2010,SP.URB.TOTL.IN.ZS,urban_population_pct,81.9685076
KR,2011,SP.URB.TOTL.IN.ZS,urban_population_pct,81.96154081
KR,2012,SP.URB.TOTL.IN.ZS,urban_population_pct,81.90878982
KR,2013,SP.URB.TOTL.IN.ZS,urban_population_pct,81.82693835
KR,2014,SP.URB.TOTL.IN.ZS,urban_population_pct,81.73156828
KR,2015,SP.URB.TOTL.IN.ZS,urban_population_pct,81.63948986
KR,2016,SP.URB.TOTL.IN.ZS,urban_population_pct,81.55592418
KR,2017,SP.URB.TOTL.IN.ZS,urban_population_pct,81.47103043
KR,2018,SP.URB.TOTL.IN.ZS,urban_population_pct,81.3823523
KR,2019,SP.URB.TOTL.IN.ZS,urban_population_pct,81.29010635
KR,2020,SP.URB.TOTL.IN.ZS,urban_population_pct,81.17595956
KR,2021,SP.URB.TOTL.IN.ZS,urban_population_pct,81.16165265
KR,2022,SP.URB.TOTL.IN.ZS,urban_population_pct,81.16249416
KR,2023,SP.URB.TOTL.IN.ZS,urban_population_pct,81.16455517
KR,2024,SP.URB.TOTL.IN.ZS,urban_population_pct,81.16825285
PL,2011,FX.OWN.TOTL.ZS,account_ownership_pct_adult,70.19428953
PL,2014,FX.OWN.TOTL.ZS,account_ownership_pct_adult,77.8621706
PL,2017,FX.OWN.TOTL.ZS,account_ownership_pct_adult,86.73330299
PL,2021,FX.OWN.TOTL.ZS,account_ownership_pct_adult,95.72016723
PL,2024,FX.OWN.TOTL.ZS,account_ownership_pct_adult,86.13671176
PL,2010,BX.KLT.DINV.WD.GD.ZS,fdi_inflow_pct_gdp,3.944894621
PL,2011,BX.KLT.DINV.WD.GD.ZS,fdi_inflow_pct_gdp,3.571289577
PL,2012,BX.KLT.DINV.WD.GD.ZS,fdi_inflow_pct_gdp,1.528860914
PL,2013,BX.KLT.DINV.WD.GD.ZS,fdi_inflow_pct_gdp,0.258983447
PL,2014,BX.KLT.DINV.WD.GD.ZS,fdi_inflow_pct_gdp,3.850891765
PL,2015,BX.KLT.DINV.WD.GD.ZS,fdi_inflow_pct_gdp,3.29546178
PL,2016,BX.KLT.DINV.WD.GD.ZS,fdi_inflow_pct_gdp,3.816087537
PL,2017,BX.KLT.DINV.WD.GD.ZS,fdi_inflow_pct_gdp,2.378128366
PL,2018,BX.KLT.DINV.WD.GD.ZS,fdi_inflow_pct_gdp,3.348039237
PL,2019,BX.KLT.DINV.WD.GD.ZS,fdi_inflow_pct_gdp,3.154556492
PL,2020,BX.KLT.DINV.WD.GD.ZS,fdi_inflow_pct_gdp,3.314990595
PL,2021,BX.KLT.DINV.WD.GD.ZS,fdi_inflow_pct_gdp,5.443067377
PL,2022,BX.KLT.DINV.WD.GD.ZS,fdi_inflow_pct_gdp,6.006260966
PL,2023,BX.KLT.DINV.WD.GD.ZS,fdi_inflow_pct_gdp,4.389186734
PL,2024,BX.KLT.DINV.WD.GD.ZS,fdi_inflow_pct_gdp,2.245231918
PL,2010,NY.GDP.PCAP.CD,gdp_per_capita_usd,12567.73177
PL,2011,NY.GDP.PCAP.CD,gdp_per_capita_usd,13867.66694
PL,2012,NY.GDP.PCAP.CD,gdp_per_capita_usd,13087.42094
PL,2013,NY.GDP.PCAP.CD,gdp_per_capita_usd,13621.90238
PL,2014,NY.GDP.PCAP.CD,gdp_per_capita_usd,14262.28419
PL,2015,NY.GDP.PCAP.CD,gdp_per_capita_usd,12637.52203
PL,2016,NY.GDP.PCAP.CD,gdp_per_capita_usd,12464.01105
PL,2017,NY.GDP.PCAP.CD,gdp_per_capita_usd,13913.34029
PL,2018,NY.GDP.PCAP.CD,gdp_per_capita_usd,15658.21203
PL,2019,NY.GDP.PCAP.CD,gdp_per_capita_usd,15874.52205
PL,2020,NY.GDP.PCAP.CD,gdp_per_capita_usd,16150.93048
PL,2021,NY.GDP.PCAP.CD,gdp_per_capita_usd,18635.51049
PL,2022,NY.GDP.PCAP.CD,gdp_per_capita_usd,18891.21212
PL,2023,NY.GDP.PCAP.CD,gdp_per_capita_usd,22145.26606
PL,2024,NY.GDP.PCAP.CD,gdp_per_capita_usd,25103.56566
PL,2010,NY.GDP.MKTP.CD,gdp_total_usd,4.78112E+11
PL,2011,NY.GDP.MKTP.CD,gdp_total_usd,5.27849E+11
PL,2012,NY.GDP.MKTP.CD,gdp_total_usd,4.98149E+11
PL,2013,NY.GDP.MKTP.CD,gdp_total_usd,5.1818E+11
PL,2014,NY.GDP.MKTP.CD,gdp_total_usd,5.42134E+11
PL,2015,NY.GDP.MKTP.CD,gdp_total_usd,4.80054E+11
PL,2016,NY.GDP.MKTP.CD,gdp_total_usd,4.7326E+11
PL,2017,NY.GDP.MKTP.CD,gdp_total_usd,5.28357E+11
PL,2018,NY.GDP.MKTP.CD,gdp_total_usd,5.94617E+11
PL,2019,NY.GDP.MKTP.CD,gdp_total_usd,6.02684E+11
PL,2020,NY.GDP.MKTP.CD,gdp_total_usd,6.05914E+11
PL,2021,NY.GDP.MKTP.CD,gdp_total_usd,6.8917E+11
PL,2022,NY.GDP.MKTP.CD,gdp_total_usd,6.95607E+11
PL,2023,NY.GDP.MKTP.CD,gdp_total_usd,8.12451E+11
PL,2024,NY.GDP.MKTP.CD,gdp_total_usd,9.17767E+11
PL,2010,IT.NET.USER.ZS,internet_users_pct,62.32
PL,2011,IT.NET.USER.ZS,internet_users_pct,61.94999897
PL,2012,IT.NET.USER.ZS,internet_users_pct,62.30999727
PL,2013,IT.NET.USER.ZS,internet_users_pct,62.8492
PL,2014,IT.NET.USER.ZS,internet_users_pct,66.59873606
PL,2015,IT.NET.USER.ZS,internet_users_pct,67.99698716
PL,2016,IT.NET.USER.ZS,internet_users_pct,73.3007041
PL,2017,IT.NET.USER.ZS,internet_users_pct,75.98536595
PL,2018,IT.NET.USER.ZS,internet_users_pct,77.54173454
PL,2019,IT.NET.USER.ZS,internet_users_pct,80.43590688
PL,2020,IT.NET.USER.ZS,internet_users_pct,83.18488715
PL,2021,IT.NET.USER.ZS,internet_users_pct,85.37490906
PL,2022,IT.NET.USER.ZS,internet_users_pct,86.94113479
PL,2023,IT.NET.USER.ZS,internet_users_pct,86.414744
PL,2024,IT.NET.USER.ZS,internet_users_pct,88.58496367
PL,2010,IT.CEL.SETS.P2,mobile_subs_per_100,123.2489261
PL,2011,IT.CEL.SETS.P2,mobile_subs_per_100,131.2797788
PL,2012,IT.CEL.SETS.P2,mobile_subs_per_100,141.4097356
PL,2013,IT.CEL.SETS.P2,mobile_subs_per_100,148.9124464
PL,2014,IT.CEL.SETS.P2,mobile_subs_per_100,148.7132836
PL,2015,IT.CEL.SETS.P2,mobile_subs_per_100,142.5202072
PL,2016,IT.CEL.SETS.P2,mobile_subs_per_100,138.5186967
PL,2017,IT.CEL.SETS.P2,mobile_subs_per_100,131.9014719
PL,2018,IT.CEL.SETS.P2,mobile_subs_per_100,126.2661917
PL,2019,IT.CEL.SETS.P2,mobile_subs_per_100,126.5973149
PL,2020,IT.CEL.SETS.P2,mobile_subs_per_100,129.2884873
PL,2021,IT.CEL.SETS.P2,mobile_subs_per_100,132.9872039
PL,2022,IT.CEL.SETS.P2,mobile_subs_per_100,137.0021481
PL,2023,IT.CEL.SETS.P2,mobile_subs_per_100,135.1463014
PL,2024,IT.CEL.SETS.P2,mobile_subs_per_100,138.0161566
PL,2010,SP.POP.TOTL,population_total,38042794
PL,2011,SP.POP.TOTL,population_total,38063255
PL,2012,SP.POP.TOTL,population_total,38063164
PL,2013,SP.POP.TOTL,population_total,38040196
PL,2014,SP.POP.TOTL,population_total,38011735
PL,2015,SP.POP.TOTL,population_total,37986412
PL,2016,SP.POP.TOTL,population_total,37970087
PL,2017,SP.POP.TOTL,population_total,37974826
PL,2018,SP.POP.TOTL,population_total,37974750
PL,2019,SP.POP.TOTL,population_total,37965475
PL,2020,SP.POP.TOTL,population_total,37515748
PL,2021,SP.POP.TOTL,population_total,36981559
PL,2022,SP.POP.TOTL,population_total,36821749
PL,2023,SP.POP.TOTL,population_total,36687353
PL,2024,SP.POP.TOTL,population_total,36559233
PL,2010,SP.URB.TOTL.IN.ZS,urban_population_pct,60.8474784
PL,2011,SP.URB.TOTL.IN.ZS,urban_population_pct,60.73570907
PL,2012,SP.URB.TOTL.IN.ZS,urban_population_pct,60.63416328
PL,2013,SP.URB.TOTL.IN.ZS,urban_population_pct,60.53331875
PL,2014,SP.URB.TOTL.IN.ZS,urban_population_pct,60.43400633
PL,2015,SP.URB.TOTL.IN.ZS,urban_population_pct,60.33628868
PL,2016,SP.URB.TOTL.IN.ZS,urban_population_pct,60.24022842
PL,2017,SP.URB.TOTL.IN.ZS,urban_population_pct,60.1458882
PL,2018,SP.URB.TOTL.IN.ZS,urban_population_pct,60.05333065
PL,2019,SP.URB.TOTL.IN.ZS,urban_population_pct,59.96261841
PL,2020,SP.URB.TOTL.IN.ZS,urban_population_pct,59.87381411
PL,2021,SP.URB.TOTL.IN.ZS,urban_population_pct,59.80965132
PL,2022,SP.URB.TOTL.IN.ZS,urban_population_pct,59.8315488
PL,2023,SP.URB.TOTL.IN.ZS,urban_population_pct,59.88595614
PL,2024,SP.URB.TOTL.IN.ZS,urban_population_pct,59.97054687
SG,2011,FX.OWN.TOTL.ZS,account_ownership_pct_adult,98.22189231
SG,2014,FX.OWN.TOTL.ZS,account_ownership_pct_adult,96.35259977
SG,2017,FX.OWN.TOTL.ZS,account_ownership_pct_adult,97.93117099
SG,2021,FX.OWN.TOTL.ZS,account_ownership_pct_adult,97.54985123
SG,2024,FX.OWN.TOTL.ZS,account_ownership_pct_adult,97.97182884
SG,2010,BX.KLT.DINV.WD.GD.ZS,fdi_inflow_pct_gdp,23.06947168
SG,2011,BX.KLT.DINV.WD.GD.ZS,fdi_inflow_pct_gdp,17.59603141
SG,2012,BX.KLT.DINV.WD.GD.ZS,fdi_inflow_pct_gdp,18.74352442
SG,2013,BX.KLT.DINV.WD.GD.ZS,fdi_inflow_pct_gdp,20.93448104
SG,2014,BX.KLT.DINV.WD.GD.ZS,fdi_inflow_pct_gdp,21.81848808
SG,2015,BX.KLT.DINV.WD.GD.ZS,fdi_inflow_pct_gdp,22.65418269
SG,2016,BX.KLT.DINV.WD.GD.ZS,fdi_inflow_pct_gdp,20.37662876
SG,2017,BX.KLT.DINV.WD.GD.ZS,fdi_inflow_pct_gdp,29.67063369
SG,2018,BX.KLT.DINV.WD.GD.ZS,fdi_inflow_pct_gdp,22.83772906
SG,2019,BX.KLT.DINV.WD.GD.ZS,fdi_inflow_pct_gdp,28.22565434
SG,2020,BX.KLT.DINV.WD.GD.ZS,fdi_inflow_pct_gdp,22.71768081
SG,2021,BX.KLT.DINV.WD.GD.ZS,fdi_inflow_pct_gdp,32.59646101
SG,2022,BX.KLT.DINV.WD.GD.ZS,fdi_inflow_pct_gdp,28.31881564
SG,2023,BX.KLT.DINV.WD.GD.ZS,fdi_inflow_pct_gdp,24.88661452
SG,2024,BX.KLT.DINV.WD.GD.ZS,fdi_inflow_pct_gdp,24.67673594
SG,2010,NY.GDP.PCAP.CD,gdp_per_capita_usd,47236.68308
SG,2011,NY.GDP.PCAP.CD,gdp_per_capita_usd,53891.45703
SG,2012,NY.GDP.PCAP.CD,gdp_per_capita_usd,55547.55531
SG,2013,NY.GDP.PCAP.CD,gdp_per_capita_usd,56967.42579
SG,2014,NY.GDP.PCAP.CD,gdp_per_capita_usd,57564.80231
SG,2015,NY.GDP.PCAP.CD,gdp_per_capita_usd,55645.60686
SG,2016,NY.GDP.PCAP.CD,gdp_per_capita_usd,57005.58872
SG,2017,NY.GDP.PCAP.CD,gdp_per_capita_usd,61236.25127
SG,2018,NY.GDP.PCAP.CD,gdp_per_capita_usd,66881.6067
SG,2019,NY.GDP.PCAP.CD,gdp_per_capita_usd,65952.0379
SG,2020,NY.GDP.PCAP.CD,gdp_per_capita_usd,61410.07926
SG,2021,NY.GDP.PCAP.CD,gdp_per_capita_usd,80056.12882
SG,2022,NY.GDP.PCAP.CD,gdp_per_capita_usd,90299.06946
SG,2023,NY.GDP.PCAP.CD,gdp_per_capita_usd,85412.23035
SG,2024,NY.GDP.PCAP.CD,gdp_per_capita_usd,90674.06663
SG,2010,NY.GDP.MKTP.CD,gdp_total_usd,2.39808E+11
SG,2011,NY.GDP.MKTP.CD,gdp_total_usd,2.79356E+11
SG,2012,NY.GDP.MKTP.CD,gdp_total_usd,2.95093E+11
SG,2013,NY.GDP.MKTP.CD,gdp_total_usd,3.07576E+11
SG,2014,NY.GDP.MKTP.CD,gdp_total_usd,3.14864E+11
SG,2015,NY.GDP.MKTP.CD,gdp_total_usd,3.07999E+11
SG,2016,NY.GDP.MKTP.CD,gdp_total_usd,3.19646E+11
SG,2017,NY.GDP.MKTP.CD,gdp_total_usd,3.43673E+11
SG,2018,NY.GDP.MKTP.CD,gdp_total_usd,3.77124E+11
SG,2019,NY.GDP.MKTP.CD,gdp_total_usd,3.76162E+11
SG,2020,NY.GDP.MKTP.CD,gdp_total_usd,3.49166E+11
SG,2021,NY.GDP.MKTP.CD,gdp_total_usd,4.36591E+11
SG,2022,NY.GDP.MKTP.CD,gdp_total_usd,5.09018E+11
SG,2023,NY.GDP.MKTP.CD,gdp_total_usd,5.0544E+11
SG,2024,NY.GDP.MKTP.CD,gdp_total_usd,5.47387E+11
SG,2010,IT.NET.USER.ZS,internet_users_pct,71
SG,2011,IT.NET.USER.ZS,internet_users_pct,71
SG,2012,IT.NET.USER.ZS,internet_users_pct,72
SG,2013,IT.NET.USER.ZS,internet_users_pct,80.90209961
SG,2014,IT.NET.USER.ZS,internet_users_pct,79.02923586
SG,2015,IT.NET.USER.ZS,internet_users_pct,79.012957
SG,2016,IT.NET.USER.ZS,internet_users_pct,84.45226789
SG,2017,IT.NET.USER.ZS,internet_users_pct,84.45226789
SG,2018,IT.NET.USER.ZS,internet_users_pct,88.16563603
SG,2019,IT.NET.USER.ZS,internet_users_pct,88.94925269
SG,2020,IT.NET.USER.ZS,internet_users_pct,92.00434653
SG,2021,IT.NET.USER.ZS,internet_users_pct,96.92468156
SG,2022,IT.NET.USER.ZS,internet_users_pct,95.95386476
SG,2023,IT.NET.USER.ZS,internet_users_pct,94.28518987
SG,2024,IT.NET.USER.ZS,internet_users_pct,94.37757178
SG,2010,IT.CEL.SETS.P2,mobile_subs_per_100,145.4516375
SG,2011,IT.CEL.SETS.P2,mobile_subs_per_100,150.4041014
SG,2012,IT.CEL.SETS.P2,mobile_subs_per_100,152.4103874
SG,2013,IT.CEL.SETS.P2,mobile_subs_per_100,156.6792707
SG,2014,IT.CEL.SETS.P2,mobile_subs_per_100,148.4783525
SG,2015,IT.CEL.SETS.P2,mobile_subs_per_100,149.006215
SG,2016,IT.CEL.SETS.P2,mobile_subs_per_100,151.6817171
SG,2017,IT.CEL.SETS.P2,mobile_subs_per_100,149.5678683
SG,2018,IT.CEL.SETS.P2,mobile_subs_per_100,152.073817
SG,2019,IT.CEL.SETS.P2,mobile_subs_per_100,159.3473783
SG,2020,IT.CEL.SETS.P2,mobile_subs_per_100,150.2593347
SG,2021,IT.CEL.SETS.P2,mobile_subs_per_100,157.9776752
SG,2022,IT.CEL.SETS.P2,mobile_subs_per_100,173.0052913
SG,2023,IT.CEL.SETS.P2,mobile_subs_per_100,173.199933
SG,2024,IT.CEL.SETS.P2,mobile_subs_per_100,170.782563
SG,2010,SP.POP.TOTL,population_total,5076732
SG,2011,SP.POP.TOTL,population_total,5183688
SG,2012,SP.POP.TOTL,population_total,5312437
SG,2013,SP.POP.TOTL,population_total,5399162
SG,2014,SP.POP.TOTL,population_total,5469724
SG,2015,SP.POP.TOTL,population_total,5535002
SG,2016,SP.POP.TOTL,population_total,5607283
SG,2017,SP.POP.TOTL,population_total,5612253
SG,2018,SP.POP.TOTL,population_total,5638676
SG,2019,SP.POP.TOTL,population_total,5703569
SG,2020,SP.POP.TOTL,population_total,5685807
SG,2021,SP.POP.TOTL,population_total,5453566
SG,2022,SP.POP.TOTL,population_total,5637022
SG,2023,SP.POP.TOTL,population_total,5917648
SG,2024,SP.POP.TOTL,population_total,6036860
SG,2010,SP.URB.TOTL.IN.ZS,urban_population_pct,100
SG,2011,SP.URB.TOTL.IN.ZS,urban_population_pct,100
SG,2012,SP.URB.TOTL.IN.ZS,urban_population_pct,100
SG,2013,SP.URB.TOTL.IN.ZS,urban_population_pct,100
SG,2014,SP.URB.TOTL.IN.ZS,urban_population_pct,100
SG,2015,SP.URB.TOTL.IN.ZS,urban_population_pct,100
SG,2016,SP.URB.TOTL.IN.ZS,urban_population_pct,100
SG,2017,SP.URB.TOTL.IN.ZS,urban_population_pct,100
SG,2018,SP.URB.TOTL.IN.ZS,urban_population_pct,100
SG,2019,SP.URB.TOTL.IN.ZS,urban_population_pct,100
SG,2020,SP.URB.TOTL.IN.ZS,urban_population_pct,100
SG,2021,SP.URB.TOTL.IN.ZS,urban_population_pct,100
SG,2022,SP.URB.TOTL.IN.ZS,urban_population_pct,100
SG,2023,SP.URB.TOTL.IN.ZS,urban_population_pct,100
SG,2024,SP.URB.TOTL.IN.ZS,urban_population_pct,100
US,2011,FX.OWN.TOTL.ZS,account_ownership_pct_adult,87.95786586
US,2014,FX.OWN.TOTL.ZS,account_ownership_pct_adult,93.58380079
US,2017,FX.OWN.TOTL.ZS,account_ownership_pct_adult,93.12218431
US,2021,FX.OWN.TOTL.ZS,account_ownership_pct_adult,94.95322965
US,2024,FX.OWN.TOTL.ZS,account_ownership_pct_adult,97.02309833
US,2010,BX.KLT.DINV.WD.GD.ZS,fdi_inflow_pct_gdp,1.754532686
US,2011,BX.KLT.DINV.WD.GD.ZS,fdi_inflow_pct_gdp,1.689112771
US,2012,BX.KLT.DINV.WD.GD.ZS,fdi_inflow_pct_gdp,1.540208119
US,2013,BX.KLT.DINV.WD.GD.ZS,fdi_inflow_pct_gdp,1.710667534
US,2014,BX.KLT.DINV.WD.GD.ZS,fdi_inflow_pct_gdp,1.435021307
US,2015,BX.KLT.DINV.WD.GD.ZS,fdi_inflow_pct_gdp,2.809147629
US,2016,BX.KLT.DINV.WD.GD.ZS,fdi_inflow_pct_gdp,2.537497659
US,2017,BX.KLT.DINV.WD.GD.ZS,fdi_inflow_pct_gdp,1.955210863
US,2018,BX.KLT.DINV.WD.GD.ZS,fdi_inflow_pct_gdp,1.045703992
US,2019,BX.KLT.DINV.WD.GD.ZS,fdi_inflow_pct_gdp,1.477874528
US,2020,BX.KLT.DINV.WD.GD.ZS,fdi_inflow_pct_gdp,0.650821071
US,2021,BX.KLT.DINV.WD.GD.ZS,fdi_inflow_pct_gdp,2.049986483
US,2022,BX.KLT.DINV.WD.GD.ZS,fdi_inflow_pct_gdp,1.62816817
US,2023,BX.KLT.DINV.WD.GD.ZS,fdi_inflow_pct_gdp,1.326182526
US,2024,BX.KLT.DINV.WD.GD.ZS,fdi_inflow_pct_gdp,1.033210856
US,2010,NY.GDP.PCAP.CD,gdp_per_capita_usd,48642.61002
US,2011,NY.GDP.PCAP.CD,gdp_per_capita_usd,50024.8688
US,2012,NY.GDP.PCAP.CD,gdp_per_capita_usd,51708.40116
US,2013,NY.GDP.PCAP.CD,gdp_per_capita_usd,53179.01276
US,2014,NY.GDP.PCAP.CD,gdp_per_capita_usd,54973.42075
US,2015,NY.GDP.PCAP.CD,gdp_per_capita_usd,56572.9189
US,2016,NY.GDP.PCAP.CD,gdp_per_capita_usd,57638.10184
US,2017,NY.GDP.PCAP.CD,gdp_per_capita_usd,59635.09844
US,2018,NY.GDP.PCAP.CD,gdp_per_capita_usd,62499.87444
US,2019,NY.GDP.PCAP.CD,gdp_per_capita_usd,64746.45068
US,2020,NY.GDP.PCAP.CD,gdp_per_capita_usd,63515.94918
US,2021,NY.GDP.PCAP.CD,gdp_per_capita_usd,70205.05092
US,2022,NY.GDP.PCAP.CD,gdp_per_capita_usd,76657.24888
US,2023,NY.GDP.PCAP.CD,gdp_per_capita_usd,81032.26212
US,2024,NY.GDP.PCAP.CD,gdp_per_capita_usd,84534.04078
US,2010,NY.GDP.MKTP.CD,gdp_total_usd,1.5049E+13
US,2011,NY.GDP.MKTP.CD,gdp_total_usd,1.55997E+13
US,2012,NY.GDP.MKTP.CD,gdp_total_usd,1.6254E+13
US,2013,NY.GDP.MKTP.CD,gdp_total_usd,1.68432E+13
US,2014,NY.GDP.MKTP.CD,gdp_total_usd,1.75507E+13
US,2015,NY.GDP.MKTP.CD,gdp_total_usd,1.8206E+13
US,2016,NY.GDP.MKTP.CD,gdp_total_usd,1.86951E+13
US,2017,NY.GDP.MKTP.CD,gdp_total_usd,1.94773E+13
US,2018,NY.GDP.MKTP.CD,gdp_total_usd,2.05331E+13
US,2019,NY.GDP.MKTP.CD,gdp_total_usd,2.1381E+13
US,2020,NY.GDP.MKTP.CD,gdp_total_usd,2.10605E+13
US,2021,NY.GDP.MKTP.CD,gdp_total_usd,2.33151E+13
US,2022,NY.GDP.MKTP.CD,gdp_total_usd,2.56048E+13
US,2023,NY.GDP.MKTP.CD,gdp_total_usd,2.72922E+13
US,2024,NY.GDP.MKTP.CD,gdp_total_usd,2.8751E+13
US,2010,IT.NET.USER.ZS,internet_users_pct,71.69
US,2011,IT.NET.USER.ZS,internet_users_pct,69.72946076
US,2012,IT.NET.USER.ZS,internet_users_pct,74.7
US,2013,IT.NET.USER.ZS,internet_users_pct,71.4
US,2014,IT.NET.USER.ZS,internet_users_pct,73
US,2015,IT.NET.USER.ZS,internet_users_pct,74.55420245
US,2016,IT.NET.USER.ZS,internet_users_pct,85.54442129
US,2017,IT.NET.USER.ZS,internet_users_pct,87.27488917
US,2018,IT.NET.USER.ZS,internet_users_pct,88.49890317
US,2019,IT.NET.USER.ZS,internet_users_pct,89.43028486
US,2020,IT.NET.USER.ZS,internet_users_pct,90.34470367
US,2021,IT.NET.USER.ZS,internet_users_pct,91.2684021
US,2022,IT.NET.USER.ZS,internet_users_pct,92.72850037
US,2023,IT.NET.USER.ZS,internet_users_pct,93.52559662
US,2024,IT.NET.USER.ZS,internet_users_pct,94.69380188
US,2010,IT.CEL.SETS.P2,mobile_subs_per_100,91.65930776
US,2011,IT.CEL.SETS.P2,mobile_subs_per_100,94.68296466
US,2012,IT.CEL.SETS.P2,mobile_subs_per_100,96.1284262
US,2013,IT.CEL.SETS.P2,mobile_subs_per_100,97.05953057
US,2014,IT.CEL.SETS.P2,mobile_subs_per_100,99.83956907
US,2015,IT.CEL.SETS.P2,mobile_subs_per_100,101.8319588
US,2016,IT.CEL.SETS.P2,mobile_subs_per_100,102.7518649
US,2017,IT.CEL.SETS.P2,mobile_subs_per_100,102.3805626
US,2018,IT.CEL.SETS.P2,mobile_subs_per_100,103.9353074
US,2019,IT.CEL.SETS.P2,mobile_subs_per_100,105.3207405
US,2020,IT.CEL.SETS.P2,mobile_subs_per_100,103.85517
US,2021,IT.CEL.SETS.P2,mobile_subs_per_100,106.3245143
US,2022,IT.CEL.SETS.P2,mobile_subs_per_100,108.7856407
US,2023,IT.CEL.SETS.P2,mobile_subs_per_100,112.4109106
US,2024,IT.CEL.SETS.P2,mobile_subs_per_100,113.1904818
US,2010,SP.POP.TOTL,population_total,309378227
US,2011,SP.POP.TOTL,population_total,311839461
US,2012,SP.POP.TOTL,population_total,314339099
US,2013,SP.POP.TOTL,population_total,316726282
US,2014,SP.POP.TOTL,population_total,319257560
US,2015,SP.POP.TOTL,population_total,321815121
US,2016,SP.POP.TOTL,population_total,324353340
US,2017,SP.POP.TOTL,population_total,326608609
US,2018,SP.POP.TOTL,population_total,328529577
US,2019,SP.POP.TOTL,population_total,330226227
US,2020,SP.POP.TOTL,population_total,331577720
US,2021,SP.POP.TOTL,population_total,332099760
US,2022,SP.POP.TOTL,population_total,334017321
US,2023,SP.POP.TOTL,population_total,336806231
US,2024,SP.POP.TOTL,population_total,340110988
US,2010,SP.URB.TOTL.IN.ZS,urban_population_pct,80.69977447
US,2011,SP.URB.TOTL.IN.ZS,urban_population_pct,80.69575543
US,2012,SP.URB.TOTL.IN.ZS,urban_population_pct,80.68374934
US,2013,SP.URB.TOTL.IN.ZS,urban_population_pct,80.66088928
US,2014,SP.URB.TOTL.IN.ZS,urban_population_pct,80.62422318
US,2015,SP.URB.TOTL.IN.ZS,urban_population_pct,80.57079895
US,2016,SP.URB.TOTL.IN.ZS,urban_population_pct,80.49766453
US,2017,SP.URB.TOTL.IN.ZS,urban_population_pct,80.40186784
US,2018,SP.URB.TOTL.IN.ZS,urban_population_pct,80.2804568
US,2019,SP.URB.TOTL.IN.ZS,urban_population_pct,80.13047934
US,2020,SP.URB.TOTL.IN.ZS,urban_population_pct,79.99745176
US,2021,SP.URB.TOTL.IN.ZS,urban_population_pct,80.00747651
US,2022,SP.URB.TOTL.IN.ZS,urban_population_pct,80.03249782
US,2023,SP.URB.TOTL.IN.ZS,urban_population_pct,80.07156112
US,2024,SP.URB.TOTL.IN.ZS,urban_population_pct,80.1247798